-- SPDX-FileCopyrightText: Copyright (C) 2023 Opal Health Informatics Group at the Research Institute of the McGill University Health Centre <john.kildea@mcgill.ca>
--
-- SPDX-License-Identifier: AGPL-3.0-or-later

INSERT INTO `EducationalMaterialControl` (`EducationalMaterialControlSerNum`, `EducationalMaterialType_EN`, `EducationalMaterialType_FR`, `EducationalMaterialCategoryId`, `PublishFlag`, `Name_EN`, `Name_FR`, `URL_EN`, `URL_FR`, `URLType_EN`, `URLType_FR`, `ShareURL_EN`, `ShareURL_FR`, `PhaseInTreatmentSerNum`, `ParentFlag`, `DateAdded`, `LastUpdatedBy`, `LastPublished`, `LastUpdated`, `deleted`, `SessionId`) VALUES
(208, 'Treatment Guidelines', 'Directives de traitement', 1, 1, 'Radiotherapy Treatment Guidelines - Breast Cancer', 'Guide de traitement de radiothérapie - Cancer du sein', 'https://www.depdocs.com/opal/educational/pathway/EN_Treatment_Guidelines/treatment_guidelines_breast.php', 'https://www.depdocs.com/opal/educational/pathway/FR_Guides_de_traitement/guide_de_traitement_seins.php', 'website', 'website', 'https://www.depdocs.com/opal/educational/pathway/breast/EN/breast-radiotherapy-treatment-guidelines.pdf', '', 2, 1, '2016-10-31 16:57:21', NULL, '2025-05-27 14:04:00', '2025-05-27 14:04:01', 0, 'aSuDcvGSg8'),
(268, 'Factsheet', 'Fiche Descriptive', 1, 1, 'Treatment Guidelines - Colorectal', 'Guide du traitement-colorectal', 'https://www.depdocs.com/opal/educational/pathway/EN_Treatment_Guidelines/treatment_guidelines_colorectal.php', 'https://www.depdocs.com/opal/educational/pathway/FR_Guides_de_traitement/guide_de_traitement_colorectale.php', 'website', 'website', 'https://www.depdocs.com/opal/educational/pathway/EN_Treatment_Guidelines/EN_TX_Guidelines_Colorectal.pdf', 'https://www.depdocs.com/opal/educational/pathway/FR_Guides_de_traitement/FR_TX_Guidelines_Colorectal.pdf', 2, 1, '2016-12-28 12:00:11', NULL, '2025-05-28 18:38:00', '2025-05-28 18:38:01', 0, 'ebNPGFyDVf'),
(269, 'Booklet', 'Brochure', 1, 0, 'Take Care of Your Hearing During Treatment', 'Prenez soin de votre audition pendant le traitement', '', '', '', '', 'https://depdocs.com/opal/educational/Chemo/Hearing_pdf_en.pdf', 'https://depdocs.com/opal/educational/Chemo/Hearing_pdf_fr.pdf', 1, 1, '2017-01-19 12:58:31', NULL, '2018-01-17 12:50:02', '2018-10-22 23:53:18', 0, NULL),
(404, 'Booklet', 'Brochure', 1, 0, 'Prostate', 'Prostate', 'https://www.depdocs.com/opal/educational/pathway/EN_Treatment_Guidelines/treatment_guidelines_prostate.php', 'https://www.depdocs.com/opal/educational/pathway/FR_Guides_de_traitement/guide_de_traitement_prostate.php', 'website', 'website', NULL, NULL, 1, 0, '2018-01-15 16:36:38', NULL, '2002-01-01 00:00:00', '2018-01-16 02:36:38', 0, NULL),
-- TOC children of EducationalMaterialControlSerNum = 269 --
(468, 'Booklet', 'Brochure', 1, 0, 'Take Care of Your Hearing During Treatment', 'Prenez soin de votre audition pendant le traitement', 'https://www.depdocs.com/opal/educational/Chemo/Hearing_P1_en.php', 'https://www.depdocs.com/opal/educational/Chemo/Hearing_P1_fr.php', 'website', 'website', NULL, NULL, 1, 0, '2018-02-28 15:09:47', NULL, '2002-01-01 00:00:00', '2018-02-28 15:09:47', 0, NULL),
(469, 'Booklet', 'Brochure', 1, 0, 'How do treatments affect my hearing?', 'Comment les traitements affectent-ils mon audition ?', 'https://www.depdocs.com/opal/educational/Chemo/Hearing_P3_en.php', 'https://www.depdocs.com/opal/educational/Chemo/Hearing_P3_fr.php', 'website', 'website', NULL, NULL, 1, 0, '2018-02-28 15:09:47', NULL, '2002-01-01 00:00:00', '2018-02-28 15:09:47', 0, NULL),
(470, 'Booklet', 'Brochure', 1, 0, 'How will I know if my hearing is affected?', 'Comment puis-je savoir si mon audition est affectée ?', 'https://www.depdocs.com/opal/educational/Chemo/Hearing_P4_en.php', 'https://www.depdocs.com/opal/educational/Chemo/Hearing_P4_fr.php', 'website', 'website', NULL, NULL, 1, 0, '2018-02-28 15:09:47', NULL, '2002-01-01 00:00:00', '2018-02-28 15:09:47', 0, NULL),
(471, 'Booklet', 'Brochure', 1, 0, 'What should I do?', 'Que devrais-je faire ?', 'https://www.depdocs.com/opal/educational/Chemo/Hearing_P5_en.php', 'https://www.depdocs.com/opal/educational/Chemo/Hearing_P5_fr.php', 'website', 'website', NULL, NULL, 1, 0, '2018-02-28 15:09:47', NULL, '2002-01-01 00:00:00', '2018-02-28 15:09:47', 0, NULL),
(472, 'Booklet', 'Brochure', 1, 0, 'Where do I call?', 'Où dois-je appeler ?', 'https://www.depdocs.com/opal/educational/Chemo/Hearing_P6_en.php', 'https://www.depdocs.com/opal/educational/Chemo/Hearing_P6_fr.php', 'website', 'website', NULL, NULL, 1, 0, '2018-02-28 15:09:47', NULL, '2002-01-01 00:00:00', '2018-06-19 13:17:03', 0, NULL),
-- End of TOC children --
(480, 'Treatment Guidelines', 'Directives de traitement', 1, 1, 'Radiotherapy Treatment Guidelines - Lung Cancer', 'Guide de traitement de radiothérapie - Cancer du poumon', 'https://www.depdocs.com/opal/educational/pathway/EN_Treatment_Guidelines/treatmentguideline_stereotacticLung.pdf', 'https://www.depdocs.com/opal/educational/pathway/FR_Guides_de_traitement/guidedetraitement_stereotacticLung.pdf', 'pdf', 'pdf', 'https://www.depdocs.com/opal/educational/pathway/EN_Treatment_Guidelines/treatmentguideline_stereotacticLung.pdf', 'https://www.depdocs.com/opal/educational/pathway/FR_Guides_de_traitement/guidedetraitement_stereotacticLung.pdf', 1, 1, '2022-07-21 16:14:53', NULL, '2025-05-27 12:26:00', '2025-05-27 12:26:01', 0, 'gglqvr8IlP'),
(1001, 'Factsheet', 'Fiche Descriptive', 1, 1, 'About Syringomyelia', 'À propos de la syringomyélie', 'https://s3.amazonaws.com/csf.production/apps/uploads/2022/05/02172025/About-SM.pdf', 'https://s3.amazonaws.com/csf.production/apps/uploads/2022/05/02172025/About-SM.pdf', 'pdf', 'pdf', 'https://s3.amazonaws.com/csf.production/apps/uploads/2022/05/02172025/About-SM.pdf', 'https://s3.amazonaws.com/csf.production/apps/uploads/2022/05/02172025/About-SM.pdf', NULL, 1, '2025-02-18 00:00:00', NULL, '2025-02-18 00:00:00', '2025-02-18 00:00:00', 0, 'FmjOYt1l5y');

INSERT INTO `DiagnosisTranslation` (`DiagnosisTranslationSerNum`, `AliasName`, `EducationalMaterialControlSerNum`, `Name_EN`, `Name_FR`, `Description_EN`, `Description_FR`, `DiagnosisCode`, `DateAdded`, `LastUpdatedBy`, `LastUpdated`, `SessionId`) VALUES
(1129,	'',	208,	'Breast cancer',	'Cancer du sein',	'<p>description</p>',	'description',	'',	'2018-01-12 14:24:21',	NULL,	'2021-08-27 21:59:13',	'aUipO1XEdi'),
(1130,	'',	404,	'Prostate cancer',	'Cancer de la prostate',	'description',	'description',	'',	'2018-01-12 14:25:42',	NULL,	'2018-03-27 18:00:39',	NULL),
(1131,	'',	NULL,	'Lung cancer',	'Cancer du poumon',	'description',	'description',	'',	'2018-01-12 14:29:58',	NULL,	'2018-01-13 00:29:58',	NULL),
(1146, '', 268, 'Colon cancer', 'Cancer du colon', 'description', 'description', '', '2018-01-12 15:04:05', NULL, '2018-03-27 18:01:04', NULL),
(1157,	'',	269,	'Ear, nose and throat (ENT) cancer',	'Cancer ORL',	'description',	'description',	'',	'2018-01-12 15:24:51',	NULL,	'2018-03-27 18:02:10',	NULL),
(1162,  '', 1001,   'Syringomyelia', 'Syringomyelie', '<p>Syringomyelia<br/></p>', '<p>Syringomyelie<br/></p>', '', '2025-02-27 11:14:06', NULL, '2025-02-27 11:14:06', '28U2zEskKtB'),
(1163, '', NULL, 'Parkinson\'s Disease', 'Maladie de Parkinson', '<p>Parkinson\'s Disease</p>', '<p>Maladie de Parkinson<br/></p>', '', '2025-03-06 13:16:45', NULL, '2025-03-06 13:16:45', 'lUG2NkVEMz'),
(1164, '', NULL, 'HIV Infection', 'Infection au VIH', '<p>HIV Infection</p>', '<p>Infection au VIH<br/></p>', '', '2025-04-24 10:35:48', NULL, '2025-04-24 10:35:48', 'UqskTMeGoD'),
(1165, '', NULL, 'Viral hepatitis C', 'Hépatite virale C', '<p>Viral hepatitis C<!--EndFragment--><br/><br/><br/></p>', '<p>Hépatite virale C<br/></p>', '', '2025-04-24 10:38:36', NULL, '2025-04-24 10:38:36', 'UqskTMeGoD'),
(1166, '', NULL, 'Deep vein thrombophlebitis of the leg', 'Thrombophlébite veineuse profonde de la jambe', '<p>Deep vein thrombophlebitis of the leg unspecified<!--EndFragment--><br/><br/><br/></p>', '<p>Thrombophlébite veineuse profonde de la jambe sans précision<br/></p>', '', '2025-04-24 10:40:19', NULL, '2025-04-24 10:40:19', 'UqskTMeGoD'),
(1167, '', NULL, 'Unilateral traumatic amputation of leg below knee with complication (disorder)', 'Amputation traumatique unilatérale de la jambe sous le genou avec complication (trouble)', '<p><span style="font-size: 16px;text-align: left;float: none;">Unilateral traumatic amputation of leg below knee with complication (disorder)</span><!--EndFragment--><br/><br/><br/></p>', '<p>Amputation traumatique unilatérale de la jambe sous le genou avec complication (trouble)<br/></p>', '', '2025-05-05 10:55:33', NULL, '2025-05-05 10:55:33', 'Of6zykDo4y'),
(1168, '', NULL, 'Hypertension', 'Hypertension artérielle', '<p>Hypertension</p>', '<p>Hypertension artérielle<br/></p>', '', '2025-05-05 11:13:40', NULL, '2025-05-05 11:13:40', 'Of6zykDo4y'),
(1169, '', NULL, 'Thrombosis of vein of leg (disorder)', 'Thrombose de la veine de la jambe (trouble)', '<p>Thrombosis of vein of leg (disorder)<br/></p>', '<p>Thrombose de la veine de la jambe (trouble)<br/></p>', '', '2025-05-05 11:18:10', NULL, '2025-05-05 11:18:10', 'Of6zykDo4y');

INSERT INTO `DiagnosisCode` (`DiagnosisCodeSerNum`, `DiagnosisTranslationSerNum`, `SourceUID`, `Source`, `DiagnosisCode`, `Description`, `DateAdded`, `LastUpdatedBy`, `LastUpdated`, `SessionId`) VALUES
(228,	1131,	-9173,	-1,	'C33',	'Ca of trachea',	'2018-01-12 14:29:58',	NULL,	'2023-01-12 16:39:12',	NULL),
(229,	1131,	-8633,	-1,	'C34.0',	'Ca of main bronchus',	'2018-01-12 14:29:58',	NULL,	'2023-01-12 16:39:12',	NULL),
(230,	1131,	-143,	-1,	'C34.0',	'Main bronchus',	'2018-01-12 14:29:58',	NULL,	'2023-01-12 16:39:12',	NULL),
(231,	1131,	-1568,	-1,	'C34.0a',	'Main bronchus',	'2018-01-12 14:29:58',	NULL,	'2023-01-12 16:39:12',	NULL),
(232,	1131,	-4724,	-1,	'C34.0b',	'Main bronchus',	'2018-01-12 14:29:58',	NULL,	'2023-01-12 16:39:12',	NULL),
(233,	1131,	-23595,	-1,	'C34.1',	'Ca of upper lobe, bronchus or lung (Right, 2014)',	'2018-01-12 14:29:58',	NULL,	'2023-01-12 16:39:12',	NULL),
(234,	1131,	-10994,	-1,	'C34.1',	'Ca of upper lobe, bronchus or lung (LEFT)',	'2018-01-12 14:29:58',	NULL,	'2023-01-12 16:39:12',	NULL),
(235,	1131,	-10647,	-1,	'C34.1',	'Ca of upper lobe, bronchus or lung (RUL)',	'2018-01-12 14:29:58',	NULL,	'2023-01-12 16:39:12',	NULL),
(236,	1131,	-11309,	-1,	'C34.1',	'Ca of upper lobe, bronchus or lung (progression May 2009)',	'2018-01-12 14:29:58',	NULL,	'2023-01-12 16:39:12',	NULL),
(237,	1131,	-21485,	-1,	'C34.1',	'Ca of upper lobe, bronchus or lung LUL',	'2018-01-12 14:29:58',	NULL,	'2023-01-12 16:39:12',	NULL),
(238,	1131,	-8416,	-1,	'C34.1',	'Ca of upper lobe, bronchus or lung',	'2018-01-12 14:29:58',	NULL,	'2023-01-12 16:39:12',	NULL),
(239,	1131,	-15974,	-1,	'C34.1',	'Ca of upper lobe, bronchus or lung (Left)',	'2018-01-12 14:29:58',	NULL,	'2023-01-12 16:39:12',	NULL),
(240,	1131,	-10178,	-1,	'C34.1',	'Ca of upper lobe, bronchus or lung (2003)',	'2018-01-12 14:29:58',	NULL,	'2023-01-12 16:39:12',	NULL),
(241,	1131,	-32624,	-1,	'C34.1',	'Ca of upper lobe, bronchus or lung - LEFT',	'2018-01-12 14:29:58',	NULL,	'2023-01-12 16:39:12',	NULL),
(242,	1131,	-10648,	-1,	'C34.1',	'Ca of upper lobe, bronchus or lung (LUL)',	'2018-01-12 14:29:58',	NULL,	'2023-01-12 16:39:12',	NULL),
(243,	1131,	-11304,	-1,	'C34.1',	'Ca of upper lobe, bronchus or lung (2006)',	'2018-01-12 14:29:58',	NULL,	'2023-01-12 16:39:12',	NULL),
(244,	1131,	-11308,	-1,	'C34.1',	'Ca of upper lobe, bronchus or lung (progression)',	'2018-01-12 14:29:58',	NULL,	'2023-01-12 16:39:12',	NULL),
(245,	1131,	-11274,	-1,	'C34.1',	'Ca of upper lobe, lung (Hemoptysis)',	'2018-01-12 14:29:58',	NULL,	'2023-01-12 16:39:12',	NULL),
(246,	1131,	-12665,	-1,	'C34.1',	'Ca of upper lobe, bronchus or lung (Left, 2010)',	'2018-01-12 14:29:58',	NULL,	'2023-01-12 16:39:12',	NULL),
(247,	1131,	-19724,	-1,	'C34.1',	'Ca of upper lobe, bronchus or lung, APEX',	'2018-01-12 14:29:58',	NULL,	'2023-01-12 16:39:12',	NULL),
(248,	1131,	-10114,	-1,	'C34.1',	'persistant cough & SOB.Ca of upper lobe, bronchus or lung (progression)',	'2018-01-12 14:29:58',	NULL,	'2023-01-12 16:39:12',	NULL),
(249,	1131,	-15777,	-1,	'C34.1',	'Ca of upper lobe, bronchus or lung (RIGHT)',	'2018-01-12 14:29:58',	NULL,	'2023-01-12 16:39:12',	NULL),
(250,	1131,	-20819,	-1,	'C34.1',	'Ca of upper lobe, bronchus or lung( Right, 2013)',	'2018-01-12 14:29:58',	NULL,	'2023-01-12 16:39:12',	NULL),
(251,	1131,	-10618,	-1,	'C34.1',	'Ca of upper lobe, bronchus or lung (Small cell ca)',	'2018-01-12 14:29:58',	NULL,	'2023-01-12 16:39:12',	NULL),
(252,	1131,	-21677,	-1,	'C34.1',	'Ca of upper lobe, bronchus or lung (SOFT TISSUE)',	'2018-01-12 14:29:58',	NULL,	'2023-01-12 16:39:12',	NULL),
(253,	1131,	-13390,	-1,	'C34.1',	'Ca of upper lobe, bronchus or lung (Right)',	'2018-01-12 14:29:58',	NULL,	'2023-01-12 16:39:12',	NULL),
(254,	1131,	-20287,	-1,	'C34.1',	'Ca of upper lobe, bronchus or lung (Right, 2013)',	'2018-01-12 14:29:58',	NULL,	'2023-01-12 16:39:12',	NULL),
(255,	1131,	-19260,	-1,	'C34.1',	'Ca of upper lobe, bronchus or lung (Left UPPER LOBE, 2013)',	'2018-01-12 14:29:58',	NULL,	'2023-01-12 16:39:12',	NULL),
(256,	1131,	-44,	-1,	'C34.1',	'Upper lobe, lung',	'2018-01-12 14:29:58',	NULL,	'2023-01-12 16:39:12',	NULL),
(257,	1131,	-29881,	-1,	'C34.1',	'Ca of upper lobe, bronchus or lung  (RIGHT)',	'2018-01-12 14:29:58',	NULL,	'2023-01-12 16:39:12',	NULL),
(258,	1131,	-14385,	-1,	'C34.1',	'Ca of upper lobe, bronchus or lung LEFT',	'2018-01-12 14:29:58',	NULL,	'2023-01-12 16:39:12',	NULL),
(259,	1131,	-14384,	-1,	'C34.1',	'Ca of upper lobe, bronchus or lung  RIGHT',	'2018-01-12 14:29:58',	NULL,	'2023-01-12 16:39:12',	NULL),
(260,	1131,	-22800,	-1,	'C34.1',	'Ca of upper lobe, bronchus or lung  (LEFT)',	'2018-01-12 14:29:58',	NULL,	'2023-01-12 16:39:12',	NULL),
(261,	1131,	-9990,	-1,	'C34.1',	'Ca of upper lobe, bronchus or lung (left)',	'2018-01-12 14:29:58',	NULL,	'2023-01-12 16:39:12',	NULL),
(262,	1131,	-2783,	-1,	'C34.10',	'Upper lobe, lung',	'2018-01-12 14:29:58',	NULL,	'2023-01-12 16:39:12',	NULL),
(263,	1131,	-1460,	-1,	'C34.1a',	'Upper lobe, lung',	'2018-01-12 14:29:58',	NULL,	'2023-01-12 16:39:12',	NULL),
(264,	1131,	-2133,	-1,	'C34.1p',	'Upper lobe, lung',	'2018-01-12 14:29:58',	NULL,	'2023-01-12 16:39:12',	NULL),
(265,	1131,	-1981,	-1,	'C34.1q',	'Upper lobe, lung',	'2018-01-12 14:29:58',	NULL,	'2023-01-12 16:39:12',	NULL),
(266,	1131,	-2397,	-1,	'C34.1r',	'Upper lobe, lung',	'2018-01-12 14:29:58',	NULL,	'2023-01-12 16:39:12',	NULL),
(267,	1131,	-9004,	-1,	'C34.2',	'Ca of middle lobe, bronchus or lung',	'2018-01-12 14:29:58',	NULL,	'2023-01-12 16:39:12',	NULL),
(268,	1131,	-92,	-1,	'C34.2',	'Middle lobe, lung',	'2018-01-12 14:29:59',	NULL,	'2023-01-12 16:39:12',	NULL),
(269,	1131,	-10673,	-1,	'C34.2',	'Ca of middle lobe, bronchus or lung (RML)',	'2018-01-12 14:29:59',	NULL,	'2023-01-12 16:39:12',	NULL),
(270,	1131,	-30220,	-1,	'C34.2',	'Ca of middle lobe, bronchus or lung (RIGHT)',	'2018-01-12 14:29:59',	NULL,	'2023-01-12 16:39:12',	NULL),
(271,	1131,	-20733,	-1,	'C34.2',	'Ca of middle lobe, bronchus or lung (RML, 2013)',	'2018-01-12 14:29:59',	NULL,	'2023-01-12 16:39:12',	NULL),
(272,	1131,	-23651,	-1,	'C34.2',	'Ca of middle lobe, bronchus or lung (Right, 2014)',	'2018-01-12 14:29:59',	NULL,	'2023-01-12 16:39:12',	NULL),
(273,	1131,	-13376,	-1,	'C34.2',	'Ca of middle lobe, bronchus or lung (Right, 2011)',	'2018-01-12 14:29:59',	NULL,	'2023-01-12 16:39:12',	NULL),
(274,	1131,	-5617,	-1,	'C34.2a',	'Middle lobe, lung',	'2018-01-12 14:29:59',	NULL,	'2023-01-12 16:39:12',	NULL),
(275,	1131,	-4451,	-1,	'C34.2p',	'Middle lobe, lung',	'2018-01-12 14:29:59',	NULL,	'2023-01-12 16:39:12',	NULL),
(276,	1131,	-93,	-1,	'C34.3',	'Lower lobe, lung',	'2018-01-12 14:29:59',	NULL,	'2023-01-12 16:39:12',	NULL),
(277,	1131,	-13647,	-1,	'C34.3',	'Ca of lower lobe, bronchus or lung (Left)',	'2018-01-12 14:29:59',	NULL,	'2023-01-12 16:39:12',	NULL),
(278,	1131,	-21828,	-1,	'C34.3',	'Ca of lower lobe, bronchus or lung RLL',	'2018-01-12 14:29:59',	NULL,	'2023-01-12 16:39:12',	NULL),
(279,	1131,	-15959,	-1,	'C34.3',	'Ca of lower lobe, bronchus or lung (2012)',	'2018-01-12 14:29:59',	NULL,	'2023-01-12 16:39:12',	NULL),
(280,	1131,	-11258,	-1,	'C34.3',	'Ca of lower lobe, bronchus or lung (RIGHT)',	'2018-01-12 14:29:59',	NULL,	'2023-01-12 16:39:12',	NULL),
(281,	1131,	-17808,	-1,	'C34.3',	'Ca of lower lobe, bronchus or lung - RIGHT',	'2018-01-12 14:29:59',	NULL,	'2023-01-12 16:39:12',	NULL),
(282,	1131,	-17501,	-1,	'C34.3',	'Ca of lower lobe, bronchus or lung (LEFT)',	'2018-01-12 14:29:59',	NULL,	'2023-01-12 16:39:12',	NULL),
(283,	1131,	-10179,	-1,	'C34.3',	'Ca of lower lobe, bronchus or lung (2008)',	'2018-01-12 14:29:59',	NULL,	'2023-01-12 16:39:12',	NULL),
(284,	1131,	-8535,	-1,	'C34.3',	'Ca of lower lobe, bronchus or lung',	'2018-01-12 14:29:59',	NULL,	'2023-01-12 16:39:12',	NULL),
(285,	1131,	-10685,	-1,	'C34.3',	'Ca of lower lobe, bronchus or lung (LLL)',	'2018-01-12 14:29:59',	NULL,	'2023-01-12 16:39:12',	NULL),
(286,	1131,	-24291,	-1,	'C34.3',	'Ca of lower lobe, bronchus or lung  (RIGHT)',	'2018-01-12 14:29:59',	NULL,	'2023-01-12 16:39:12',	NULL),
(287,	1131,	-20345,	-1,	'C34.3',	'Ca of lower lobe, bronchus or lung, 2e TUMOURS WAS FOUND AT Sx in the LLL',	'2018-01-12 14:29:59',	NULL,	'2023-01-12 16:39:12',	NULL),
(288,	1131,	-9989,	-1,	'C34.3',	'Ca of lower lobe, bronchus or lung(rt)',	'2018-01-12 14:29:59',	NULL,	'2023-01-12 16:39:12',	NULL),
(289,	1131,	-3183,	-1,	'C34.3a',	'Lower lobe, lung',	'2018-01-12 14:29:59',	NULL,	'2023-01-12 16:39:12',	NULL),
(290,	1131,	-6133,	-1,	'C34.3b',	'Lower lobe, lung',	'2018-01-12 14:29:59',	NULL,	'2023-01-12 16:39:12',	NULL),
(291,	1131,	-3503,	-1,	'C34.3p',	'Lower lobe, lung',	'2018-01-12 14:29:59',	NULL,	'2023-01-12 16:39:12',	NULL),
(292,	1131,	-5722,	-1,	'C34.3pp',	'Lower lobe, lung',	'2018-01-12 14:29:59',	NULL,	'2023-01-12 16:39:12',	NULL),
(293,	1131,	-5721,	-1,	'C34.3q',	'Lower lobe, lung',	'2018-01-12 14:29:59',	NULL,	'2023-01-12 16:39:12',	NULL),
(294,	1131,	-2810,	-1,	'C34.3r',	'Lower lobe, lung',	'2018-01-12 14:29:59',	NULL,	'2023-01-12 16:39:12',	NULL),
(295,	1131,	-9818,	-1,	'C34.8',	'Overlapping Ca of  bronchus and lung',	'2018-01-12 14:29:59',	NULL,	'2023-01-12 16:39:12',	NULL),
(296,	1131,	-11252,	-1,	'C34.8',	'Overlapping Ca of  bronchus and lung (reccurence)',	'2018-01-12 14:29:59',	NULL,	'2023-01-12 16:39:12',	NULL),
(297,	1131,	-835,	-1,	'C34.8',	'Overlapping lesion of lung',	'2018-01-12 14:29:59',	NULL,	'2023-01-12 16:39:12',	NULL),
(298,	1131,	-20392,	-1,	'C34.9',	'Ca of bronchus or lung, unspecified (Left, 2010)',	'2018-01-12 14:29:59',	NULL,	'2023-01-12 16:39:12',	NULL),
(299,	1131,	-18921,	-1,	'C34.9',	'Ca of bronchus or lung, unspecified (Right UPPER LOBE, 2011)',	'2018-01-12 14:29:59',	NULL,	'2023-01-12 16:39:12',	NULL),
(300,	1131,	-8638,	-1,	'C34.9',	'Ca of bronchus or lung, unspecified',	'2018-01-12 14:29:59',	NULL,	'2023-01-12 16:39:12',	NULL),
(301,	1131,	-27710,	-1,	'C34.9',	'Ca of bronchus or lung, unspecified  (BILATERAL)',	'2018-01-12 14:29:59',	NULL,	'2023-01-12 16:39:12',	NULL),
(302,	1131,	-21713,	-1,	'C34.9',	'Ca of bronchus or lung, unspecified RLL',	'2018-01-12 14:29:59',	NULL,	'2023-01-12 16:39:12',	NULL),
(303,	1131,	-23379,	-1,	'C34.9',	'Ca of bronchus or lung, unspecified(Left, 2010)',	'2018-01-12 14:29:59',	NULL,	'2023-01-12 16:39:12',	NULL),
(304,	1131,	-23195,	-1,	'C34.9',	'Ca of bronchus or lung, unspecified (BILATERAL, 2014)',	'2018-01-12 14:29:59',	NULL,	'2023-01-12 16:39:12',	NULL),
(305,	1131,	-28569,	-1,	'C34.9',	'Ca of bronchus or lung, unspecified RT MIDDLE LOBE',	'2018-01-12 14:29:59',	NULL,	'2023-01-12 16:39:12',	NULL),
(306,	1131,	-19713,	-1,	'C34.9',	'Ca of bronchus or lung, unspecified, LLL',	'2018-01-12 14:29:59',	NULL,	'2023-01-12 16:39:12',	NULL),
(307,	1131,	-21979,	-1,	'C34.9',	'Ca of bronchus or lung, unspecified (Occult lung ca)',	'2018-01-12 14:29:59',	NULL,	'2023-01-12 16:39:12',	NULL),
(308,	1131,	-18093,	-1,	'C34.9',	'Ca of bronchus or lung, unspecified  (RT)',	'2018-01-12 14:29:59',	NULL,	'2023-01-12 16:39:12',	NULL),
(309,	1131,	-22201,	-1,	'C34.9',	'Ca of bronchus or lung, unspecified - LEFT',	'2018-01-12 14:29:59',	NULL,	'2023-01-12 16:39:12',	NULL),
(310,	1131,	-20393,	-1,	'C34.9',	'Ca of bronchus or lung, unspecified (Right, 2001)',	'2018-01-12 14:29:59',	NULL,	'2023-01-12 16:39:12',	NULL),
(311,	1131,	-22199,	-1,	'C34.9',	'Ca of bronchus or lung, unspecified LT UPPER LOBE',	'2018-01-12 14:29:59',	NULL,	'2023-01-12 16:39:12',	NULL),
(312,	1131,	-22749,	-1,	'C34.9',	'Ca of bronchus or lung, unspecified (Right MIDDLE LOBE)',	'2018-01-12 14:29:59',	NULL,	'2023-01-12 16:39:12',	NULL),
(313,	1131,	-15606,	-1,	'C34.9',	'Ca of bronchus or lung, unspecified (2004)',	'2018-01-12 14:29:59',	NULL,	'2023-01-12 16:39:12',	NULL),
(314,	1131,	-20269,	-1,	'C34.9',	'Ca of bronchus or lung, unspecified  (LEFT)',	'2018-01-12 14:29:59',	NULL,	'2023-01-12 16:39:12',	NULL),
(315,	1131,	-21413,	-1,	'C34.9',	'Ca of bronchus or lung, unspecified  RUL',	'2018-01-12 14:29:59',	NULL,	'2023-01-12 16:39:12',	NULL),
(316,	1131,	-28408,	-1,	'C34.9',	'Ca of bronchus or lung, unspecified - RUL',	'2018-01-12 14:29:59',	NULL,	'2023-01-12 16:39:12',	NULL),
(317,	1131,	-16251,	-1,	'C34.9',	'Ca of bronchus or lung, unspecified (LLL, 2012)',	'2018-01-12 14:29:59',	NULL,	'2023-01-12 16:39:12',	NULL),
(318,	1131,	-21976,	-1,	'C34.9',	'Ca of bronchus or lung, unspecified - LT LUNG',	'2018-01-12 14:29:59',	NULL,	'2023-01-12 16:39:12',	NULL),
(319,	1131,	-22081,	-1,	'C34.9',	'Ca of bronchus or lung, unspecified RUL',	'2018-01-12 14:29:59',	NULL,	'2023-01-12 16:39:12',	NULL),
(320,	1131,	-33202,	-1,	'C34.9',	'Ca of bronchus or lung, unspecified  (SMALL CELL)',	'2018-01-12 14:29:59',	NULL,	'2023-01-12 16:39:12',	NULL),
(321,	1131,	-19824,	-1,	'C34.9',	'Ca of bronchus or lung, unspecified (2013)',	'2018-01-12 14:29:59',	NULL,	'2023-01-12 16:39:12',	NULL),
(322,	1131,	-28585,	-1,	'C34.9',	'Ca of bronchus or lung, unspecified - RLL',	'2018-01-12 14:29:59',	NULL,	'2023-01-12 16:39:12',	NULL),
(323,	1131,	-28696,	-1,	'C34.9',	'Ca of bronchus or lung, unspecified RT LUNG',	'2018-01-12 14:29:59',	NULL,	'2023-01-12 16:39:12',	NULL),
(324,	1131,	-21336,	-1,	'C34.9',	'Ca of bronchus or lung, unspecified LLL',	'2018-01-12 14:29:59',	NULL,	'2023-01-12 16:39:12',	NULL),
(325,	1131,	-29531,	-1,	'C34.9',	'Ca of bronchus or lung, unspecified LUL',	'2018-01-12 14:29:59',	NULL,	'2023-01-12 16:39:12',	NULL),
(326,	1131,	-9684,	-1,	'C34.9',	'Ca of bronchus or lung, unspecified (left)',	'2018-01-12 14:29:59',	NULL,	'2023-01-12 16:39:12',	NULL),
(327,	1131,	-28846,	-1,	'C34.9',	'Ca of bronchus or lung, unspecified  LEFT LUNG',	'2018-01-12 14:29:59',	NULL,	'2023-01-12 16:39:12',	NULL),
(328,	1131,	-19202,	-1,	'C34.9',	'Ca of bronchus or lung, unspecified (Left, 2012)',	'2018-01-12 14:29:59',	NULL,	'2023-01-12 16:39:12',	NULL),
(329,	1131,	-22780,	-1,	'C34.9',	'Ca of bronchus or lung, unspecified RT UPPER LOBE',	'2018-01-12 14:29:59',	NULL,	'2023-01-12 16:39:12',	NULL),
(330,	1131,	-16153,	-1,	'C34.9',	'Ca of bronchus or lung, unspecified (Left)',	'2018-01-12 14:29:59',	NULL,	'2023-01-12 16:39:12',	NULL),
(331,	1131,	-17025,	-1,	'C34.9',	'Ca of bronchus or lung, unspecified - RIGHT',	'2018-01-12 14:29:59',	NULL,	'2023-01-12 16:39:12',	NULL),
(332,	1131,	-22938,	-1,	'C34.9',	'Ca of bronchus or lung, unspecified  RT MIDDLE LOBE',	'2018-01-12 14:29:59',	NULL,	'2023-01-12 16:39:12',	NULL),
(333,	1131,	-23155,	-1,	'C34.9',	'Ca of bronchus or lung, unspecified (RIGHT, 2002)',	'2018-01-12 14:29:59',	NULL,	'2023-01-12 16:39:12',	NULL),
(334,	1131,	-43,	-1,	'C34.9',	'Lung, NOS',	'2018-01-12 14:29:59',	NULL,	'2023-01-12 16:39:12',	NULL),
(335,	1131,	-28817,	-1,	'C34.9',	'Ca of bronchus or lung, unspecified  RIGHT LUNG',	'2018-01-12 14:29:59',	NULL,	'2023-01-12 16:39:12',	NULL),
(336,	1131,	-15756,	-1,	'C34.9',	'Ca of bronchus or lung, unspecified (Right)',	'2018-01-12 14:29:59',	NULL,	'2023-01-12 16:39:12',	NULL),
(337,	1131,	-15305,	-1,	'C34.9',	'Ca of bronchus or lung, unspecified (LEFT)',	'2018-01-12 14:29:59',	NULL,	'2023-01-12 16:39:12',	NULL),
(338,	1131,	-29872,	-1,	'C34.9',	'Ca of bronchus or lung, unspecified (RIGHT)',	'2018-01-12 14:29:59',	NULL,	'2023-01-12 16:39:12',	NULL),
(339,	1131,	-22661,	-1,	'C34.9',	'Ca of bronchus or lung, unspecified  (RIGHT)',	'2018-01-12 14:29:59',	NULL,	'2023-01-12 16:39:12',	NULL),
(340,	1131,	-18376,	-1,	'C34.9',	'Ca of bronchus or lung, unspecified  (LT)',	'2018-01-12 14:29:59',	NULL,	'2023-01-12 16:39:12',	NULL),
(341,	1131,	-2111,	-1,	'C34.9a',	'Lung, NOS',	'2018-01-12 14:29:59',	NULL,	'2023-01-12 16:39:12',	NULL),
(342,	1131,	-5685,	-1,	'C34.9p',	'Lung, NOS',	'2018-01-12 14:29:59',	NULL,	'2023-01-12 16:39:12',	NULL),
(343,	1131,	-5686,	-1,	'C34.9q',	'Lung, NOS',	'2018-01-12 14:29:59',	NULL,	'2023-01-12 16:39:12',	NULL),
(344,	1131,	-3509,	-1,	'C34.9r',	'Lung, NOS',	'2018-01-12 14:29:59',	NULL,	'2023-01-12 16:39:12',	NULL),
(345,	1131,	-9168,	-1,	'C37',	'Ca of thymus',	'2018-01-12 14:29:59',	NULL,	'2023-01-12 16:39:12',	NULL),
(346,	1131,	-2604,	-1,	'C37.9',	'Thymus',	'2018-01-12 14:29:59',	NULL,	'2023-01-12 16:39:12',	NULL),
(347,	1131,	-2605,	-1,	'C37.9p',	'Thymus',	'2018-01-12 14:29:59',	NULL,	'2023-01-12 16:39:12',	NULL),
(348,	1131,	-4169,	-1,	'C37.9q',	'Thymus',	'2018-01-12 14:29:59',	NULL,	'2023-01-12 16:39:12',	NULL),
(349,	1131,	-22027,	-1,	'C38.1',	'Ca of anterior mediastinum',	'2018-01-12 14:29:59',	NULL,	'2023-01-12 16:39:12',	NULL),
(350,	1131,	-12999,	-1,	'C38.2',	'Ca of posterior mediastinum',	'2018-01-12 14:29:59',	NULL,	'2023-01-12 16:39:12',	NULL),
(351,	1131,	-105,	-1,	'C38.3',	'Mediastinum, NOS',	'2018-01-12 14:29:59',	NULL,	'2023-01-12 16:39:12',	NULL),
(352,	1131,	-13125,	-1,	'C38.3',	'Ca of mediastinum, part unspecified',	'2018-01-12 14:29:59',	NULL,	'2023-01-12 16:39:12',	NULL),
(353,	1131,	-1807,	-1,	'C38.3a',	'Mediastinum, NOS',	'2018-01-12 14:29:59',	NULL,	'2023-01-12 16:39:12',	NULL),
(354,	1131,	-5664,	-1,	'C38.3p',	'Mediastinum, NOS',	'2018-01-12 14:29:59',	NULL,	'2023-01-12 16:39:12',	NULL),
(355,	1131,	-3645,	-1,	'C38.3r',	'Mediastinum, NOS',	'2018-01-12 14:29:59',	NULL,	'2023-01-12 16:39:12',	NULL),
(356,	1131,	-653,	-1,	'C38.4',	'Pleura, NOS',	'2018-01-12 14:29:59',	NULL,	'2023-01-12 16:39:12',	NULL),
(357,	1131,	-9867,	-1,	'C38.4',	'Ca of pleura',	'2018-01-12 14:29:59',	NULL,	'2023-01-12 16:39:12',	NULL),
(358,	1131,	-2764,	-1,	'C38.4a',	'Pleura, NOS',	'2018-01-12 14:29:59',	NULL,	'2023-01-12 16:39:12',	NULL),
(359,	1131,	-4536,	-1,	'C38.4b',	'Pleura, NOS',	'2018-01-12 14:29:59',	NULL,	'2023-01-12 16:39:12',	NULL),
(360,	1131,	-4537,	-1,	'C38.4c',	'Pleura, NOS',	'2018-01-12 14:29:59',	NULL,	'2023-01-12 16:39:12',	NULL),
(361,	1131,	-4534,	-1,	'C38.4p',	'Pleura, NOS',	'2018-01-12 14:29:59',	NULL,	'2023-01-12 16:39:12',	NULL),
(362,	1131,	-5119,	-1,	'C38.4r',	'Pleura, NOS',	'2018-01-12 14:29:59',	NULL,	'2023-01-12 16:39:12',	NULL),
(363,	1131,	-2506,	-1,	'C75.5',	'Aortic body and other paraganglia',	'2018-01-12 14:29:59',	NULL,	'2023-01-12 16:39:12',	NULL),
(364,	1131,	-33567,	-1,	'C75.5',	'Ca of aortic body and other paraganglia',	'2018-01-12 14:29:59',	NULL,	'2023-01-12 16:39:12',	NULL),
(365,	1131,	-2507,	-1,	'C75.5p',	'Aortic body and other paraganglia',	'2018-01-12 14:29:59',	NULL,	'2023-01-12 16:39:12',	NULL),
(366,	1131,	-10035,	-1,	'D02.2',	'Carcinoma in situ of bronchus and lung',	'2018-01-12 14:29:59',	NULL,	'2023-01-12 16:39:12',	NULL),
(367,	1131,	-20904,	-1,	'D15.2',	'Benign neoplasm of mediastinum',	'2018-01-12 14:29:59',	NULL,	'2023-01-12 16:39:12',	NULL),
(368,	1131,	-8807,	-1,	'D38.1',	'Neoplasm of uncertain or unknown behaviour of trachea, bronchus and lung',	'2018-01-12 14:29:59',	NULL,	'2023-01-12 16:39:12',	NULL),
(369,	1131,	-21601,	-1,	'D38.4',	'Neoplasm of uncertain or unknown behaviour of thymus',	'2018-01-12 14:29:59',	NULL,	'2023-01-12 16:39:12',	NULL),
(2441,	1130,	-16246,	-1,	'C61',	'Ca of prostate (2002)',	'0000-00-00 00:00:00',	NULL,	'2023-01-12 16:39:12',	NULL),
(2442,	1130,	-8559,	-1,	'C61',	'Ca of prostate (progression)',	'0000-00-00 00:00:00',	NULL,	'2023-01-12 16:39:12',	NULL),
(2443,	1130,	-9583,	-1,	'C61',	'Ca of prostate (Post-op PSA elevated)',	'0000-00-00 00:00:00',	NULL,	'2023-01-12 16:39:12',	NULL),
(2444,	1130,	-11352,	-1,	'C61',	'Ca of prostate (recurrence 2009)',	'0000-00-00 00:00:00',	NULL,	'2023-01-12 16:39:12',	NULL),
(2445,	1130,	-9581,	-1,	'C61',	'High risk prostate cancer, Gleason 8, PSA 15; treated by neoadjuvant hormonal therapy, pelvic radiation and adjuvant radiation therapy for 2 years. Patient completed radiation in 2007',	'0000-00-00 00:00:00',	NULL,	'2023-01-12 16:39:12',	NULL),
(2446,	1130,	-8511,	-1,	'C61',	'Ca of prostate (2nd consultation)',	'0000-00-00 00:00:00',	NULL,	'2023-01-12 16:39:12',	NULL),
(2447,	1130,	-8472,	-1,	'C61',	'Ca of prostate (recurrence post-op)',	'0000-00-00 00:00:00',	NULL,	'2023-01-12 16:39:12',	NULL),
(2448,	1130,	-9750,	-1,	'C61',	'T2a adenocarcinoma of the prostate, Gleason Score 3, and received external beam radiotherapy in 1989',	'0000-00-00 00:00:00',	NULL,	'2023-01-12 16:39:12',	NULL),
(2449,	1130,	-12716,	-1,	'C61',	'Ca of prostate\r\nSpinal cord compression',	'0000-00-00 00:00:00',	NULL,	'2023-01-12 16:39:12',	NULL),
(2450,	1130,	-9619,	-1,	'C61',	'Ca of prostate (Progression)',	'0000-00-00 00:00:00',	NULL,	'2023-01-12 16:39:12',	NULL),
(2451,	1130,	-8494,	-1,	'C61',	'Ca of prostate (2nd opinion)',	'0000-00-00 00:00:00',	NULL,	'2023-01-12 16:39:12',	NULL),
(2452,	1130,	-11942,	-1,	'C61',	'Ca of prostate (recurrence 2010)',	'0000-00-00 00:00:00',	NULL,	'2023-01-12 16:39:12',	NULL),
(2453,	1130,	-8338,	-1,	'C61',	'Ca of prostate',	'0000-00-00 00:00:00',	NULL,	'2023-01-12 16:39:12',	NULL),
(2454,	1130,	-8605,	-1,	'C61',	'Ca of prostate (progession. elevated post-op PSA)',	'0000-00-00 00:00:00',	NULL,	'2023-01-12 16:39:12',	NULL),
(2455,	1130,	-1059,	-1,	'C61.9',	'T1c, Gleason 6, PSA of 4.5, adenocarcinoma of the prostate, completed treatment in August 2005 after receiving external beam radiation therapy alone.',	'0000-00-00 00:00:00',	NULL,	'2023-01-12 16:39:12',	NULL),
(2456,	1130,	-4028,	-1,	'C61.9',	'Intermediate risk prostate cancer.  He received a total dose of 72 Gy and also was treated with LHRH analogue therapy neoadjuvantly for three months and during the radiation.',	'0000-00-00 00:00:00',	NULL,	'2023-01-12 16:39:12',	NULL),
(2457,	1130,	-46,	-1,	'C61.9',	'Prostate gland',	'0000-00-00 00:00:00',	NULL,	'2023-01-12 16:39:12',	NULL),
(2458,	1130,	-2155,	-1,	'C61.9a',	'Prostate gland',	'0000-00-00 00:00:00',	NULL,	'2023-01-12 16:39:12',	NULL),
(2459,	1130,	-6402,	-1,	'C61.9b',	'Prostate gland',	'0000-00-00 00:00:00',	NULL,	'2023-01-12 16:39:12',	NULL),
(2460,	1130,	-2265,	-1,	'C61.9p',	'Prostate gland',	'0000-00-00 00:00:00',	NULL,	'2023-01-12 16:39:12',	NULL),
(2461,	1130,	-2157,	-1,	'C61.9r',	'Prostate gland',	'0000-00-00 00:00:00',	NULL,	'2023-01-12 16:39:12',	NULL),
(2462,	1130,	-28016,	-1,	'D07.5',	'Carcinoma in situ of prostate',	'0000-00-00 00:00:00',	NULL,	'2023-01-12 16:39:12',	NULL),
(2463,	1130,	-8879,	-1,	'D40.0',	'Neoplasm of uncertain or unknown behaviour of prostate',	'0000-00-00 00:00:00',	NULL,	'2023-01-12 16:39:12',	NULL),
(2489,	1146,	1762,	-1,	'C18.9',	'Malgnant neoplasm of colon',	'2025-03-05 23:42:58',	NULL,	'2025-03-05 23:42:58',	NULL),
(2508,	1157,	-36,	-1,	'C00.0',	'External upper lip',	'0000-00-00 00:00:00',	NULL,	'2023-01-12 16:39:12',	NULL),
(2509,	1157,	-11783,	-1,	'C00.1',	'Ca of external lower lip',	'0000-00-00 00:00:00',	NULL,	'2023-01-12 16:39:12',	NULL),
(2510,	1157,	-3304,	-1,	'C00.1',	'External lower lip',	'0000-00-00 00:00:00',	NULL,	'2023-01-12 16:39:12',	NULL),
(2511,	1157,	-39,	-1,	'C00.3',	'Mucosa of upper lip',	'0000-00-00 00:00:00',	NULL,	'2023-01-12 16:39:12',	NULL),
(2512,	1157,	-32,	-1,	'C00.5',	'Mucosa of lip, NOS',	'0000-00-00 00:00:00',	NULL,	'2023-01-12 16:39:12',	NULL),
(2513,	1157,	-13846,	-1,	'C00.6',	'Ca of commissure of lip',	'0000-00-00 00:00:00',	NULL,	'2023-01-12 16:39:12',	NULL),
(2514,	1157,	-8920,	-1,	'C00.9',	'Ca of lip, unspecified',	'0000-00-00 00:00:00',	NULL,	'2023-01-12 16:39:12',	NULL),
(2515,	1157,	-7856,	-1,	'C00.9',	'Lip, NOS excludes Skin of lip C44.0',	'0000-00-00 00:00:00',	NULL,	'2023-01-12 16:39:12',	NULL),
(2516,	1157,	-9223,	-1,	'C01',	'Ca of base of tongue',	'0000-00-00 00:00:00',	NULL,	'2023-01-12 16:39:12',	NULL),
(2517,	1157,	-1021,	-1,	'C01.9',	'Base of tongue, NOS',	'0000-00-00 00:00:00',	NULL,	'2023-01-12 16:39:12',	NULL),
(2518,	1157,	-2976,	-1,	'C01.9p',	'Base of tongue, NOS',	'0000-00-00 00:00:00',	NULL,	'2023-01-12 16:39:12',	NULL),
(2519,	1157,	-9839,	-1,	'C02.1',	'Ca of border of tongue',	'0000-00-00 00:00:00',	NULL,	'2023-01-12 16:39:12',	NULL),
(2520,	1157,	-496,	-1,	'C02.1',	'Border of tongue',	'0000-00-00 00:00:00',	NULL,	'2023-01-12 16:39:12',	NULL),
(2521,	1157,	-7204,	-1,	'C02.1p',	'Border of tongue',	'0000-00-00 00:00:00',	NULL,	'2023-01-12 16:39:12',	NULL),
(2522,	1157,	-3585,	-1,	'C02.1q',	'Border of tongue',	'0000-00-00 00:00:00',	NULL,	'2023-01-12 16:39:12',	NULL),
(2523,	1157,	-9690,	-1,	'C02.2',	'Ca of ventral surface of tongue',	'0000-00-00 00:00:00',	NULL,	'2023-01-12 16:39:12',	NULL),
(2524,	1157,	-3529,	-1,	'C02.2',	'Ventral surface of tongue, NOS',	'0000-00-00 00:00:00',	NULL,	'2023-01-12 16:39:12',	NULL),
(2525,	1157,	-14263,	-1,	'C02.3',	'Ca of anterior two-thirds of tongue, part unspecified',	'0000-00-00 00:00:00',	NULL,	'2023-01-12 16:39:12',	NULL),
(2526,	1157,	-368,	-1,	'C02.3',	'Anterior 2/3 of tongue, NOS',	'0000-00-00 00:00:00',	NULL,	'2023-01-12 16:39:12',	NULL),
(2527,	1157,	-7070,	-1,	'C02.3p',	'Anterior 2/3 of tongue, NOS',	'0000-00-00 00:00:00',	NULL,	'2023-01-12 16:39:12',	NULL),
(2528,	1157,	-14281,	-1,	'C02.4',	'Ca of lingual tonsil',	'0000-00-00 00:00:00',	NULL,	'2023-01-12 16:39:12',	NULL),
(2529,	1157,	-13962,	-1,	'C02.8',	'Overlapping Ca of  tongue',	'0000-00-00 00:00:00',	NULL,	'2023-01-12 16:39:12',	NULL),
(2530,	1157,	-2050,	-1,	'C02.9',	'Tongue, NOS - Lingual, NOS',	'0000-00-00 00:00:00',	NULL,	'2023-01-12 16:39:12',	NULL),
(2531,	1157,	-8547,	-1,	'C02.9',	'Ca of tongue, unspecified (Post-op)',	'0000-00-00 00:00:00',	NULL,	'2023-01-12 16:39:12',	NULL),
(2532,	1157,	-28386,	-1,	'C02.9',	'Left t BOT involving the left t palatine tonsil',	'0000-00-00 00:00:00',	NULL,	'2023-01-12 16:39:12',	NULL),
(2533,	1157,	-28713,	-1,	'C02.9',	'Ca of floor of mouth',	'0000-00-00 00:00:00',	NULL,	'2023-01-12 16:39:12',	NULL),
(2534,	1157,	-8546,	-1,	'C02.9',	'Ca of tongue, unspecified',	'0000-00-00 00:00:00',	NULL,	'2023-01-12 16:39:12',	NULL),
(2535,	1157,	-3787,	-1,	'C02.9p',	'Tongue, NOS - Lingual, NOS',	'0000-00-00 00:00:00',	NULL,	'2023-01-12 16:39:12',	NULL),
(2536,	1157,	-3579,	-1,	'C02.9q',	'Tongue, NOS - Lingual, NOS',	'0000-00-00 00:00:00',	NULL,	'2023-01-12 16:39:12',	NULL),
(2537,	1157,	-1416,	-1,	'C03.0',	'Upper gum',	'0000-00-00 00:00:00',	NULL,	'2023-01-12 16:39:12',	NULL),
(2538,	1157,	-10214,	-1,	'C03.0',	'Ca of upper gum',	'0000-00-00 00:00:00',	NULL,	'2023-01-12 16:39:12',	NULL),
(2539,	1157,	-3586,	-1,	'C03.1',	'Lower gum',	'0000-00-00 00:00:00',	NULL,	'2023-01-12 16:39:12',	NULL),
(2540,	1157,	-12511,	-1,	'C03.1',	'Ca of lower gum',	'0000-00-00 00:00:00',	NULL,	'2023-01-12 16:39:12',	NULL),
(2541,	1157,	-8926,	-1,	'C03.9',	'Ca of gum, unspecified',	'0000-00-00 00:00:00',	NULL,	'2023-01-12 16:39:12',	NULL),
(2542,	1157,	-1532,	-1,	'C03.9',	'Gum, NOS',	'0000-00-00 00:00:00',	NULL,	'2023-01-12 16:39:12',	NULL),
(2543,	1157,	-7640,	-1,	'C03.9p',	'Gum, NOS',	'0000-00-00 00:00:00',	NULL,	'2023-01-12 16:39:12',	NULL),
(2544,	1157,	-7641,	-1,	'C03.9q',	'Gum, NOS',	'0000-00-00 00:00:00',	NULL,	'2023-01-12 16:39:12',	NULL),
(2545,	1157,	-14365,	-1,	'C04.0',	'Ca of anterior floor of mouth',	'0000-00-00 00:00:00',	NULL,	'2023-01-12 16:39:12',	NULL),
(2546,	1157,	-13274,	-1,	'C04.1',	'Ca of lateral floor of mouth',	'0000-00-00 00:00:00',	NULL,	'2023-01-12 16:39:12',	NULL),
(2547,	1157,	-3584,	-1,	'C04.1',	'Lateral floor of mouth',	'0000-00-00 00:00:00',	NULL,	'2023-01-12 16:39:12',	NULL),
(2548,	1157,	-13638,	-1,	'C04.8',	'Overlapping Ca of  floor of mouth',	'0000-00-00 00:00:00',	NULL,	'2023-01-12 16:39:12',	NULL),
(2549,	1157,	-1396,	-1,	'C04.8',	'Overlapping lesion of floor of mouth',	'0000-00-00 00:00:00',	NULL,	'2023-01-12 16:39:12',	NULL),
(2550,	1157,	-1403,	-1,	'C04.8p',	'Overlapping lesion of floor of mouth',	'0000-00-00 00:00:00',	NULL,	'2023-01-12 16:39:12',	NULL),
(2551,	1157,	-1404,	-1,	'C04.8q',	'Overlapping lesion of floor of mouth',	'0000-00-00 00:00:00',	NULL,	'2023-01-12 16:39:12',	NULL),
(2552,	1157,	-10325,	-1,	'C04.9',	'Ca of floor of mouth, unspecified',	'0000-00-00 00:00:00',	NULL,	'2023-01-12 16:39:12',	NULL),
(2553,	1157,	-2070,	-1,	'C04.9',	'Floor of mouth, NOS',	'0000-00-00 00:00:00',	NULL,	'2023-01-12 16:39:12',	NULL),
(2554,	1157,	-28891,	-1,	'C04.9',	'Ca of floor of mouth, unspecified\r\nRight side',	'0000-00-00 00:00:00',	NULL,	'2023-01-12 16:39:12',	NULL),
(2555,	1157,	-12613,	-1,	'C05.0',	'Ca of hard palate',	'0000-00-00 00:00:00',	NULL,	'2023-01-12 16:39:12',	NULL),
(2556,	1157,	-4165,	-1,	'C05.0',	'Hard palate',	'0000-00-00 00:00:00',	NULL,	'2023-01-12 16:39:12',	NULL),
(2557,	1157,	-3838,	-1,	'C05.1',	'Soft palate, NOS excludes Nasopharyngeal surface of soft palate',	'0000-00-00 00:00:00',	NULL,	'2023-01-12 16:39:12',	NULL),
(2558,	1157,	-12228,	-1,	'C05.1',	'Ca of soft palate',	'0000-00-00 00:00:00',	NULL,	'2023-01-12 16:39:12',	NULL),
(2559,	1157,	-1858,	-1,	'C05.9',	'Palate, NOS, Roof of mouth',	'0000-00-00 00:00:00',	NULL,	'2023-01-12 16:39:12',	NULL),
(2560,	1157,	-14406,	-1,	'C05.9',	'Ca of palate, unspecified',	'0000-00-00 00:00:00',	NULL,	'2023-01-12 16:39:12',	NULL),
(2561,	1157,	-7619,	-1,	'C05.9p',	'Palate, NOS, Roof of mouth',	'0000-00-00 00:00:00',	NULL,	'2023-01-12 16:39:12',	NULL),
(2562,	1157,	-22000,	-1,	'C06.0',	'Ca of cheek mucosa',	'0000-00-00 00:00:00',	NULL,	'2023-01-12 16:39:12',	NULL),
(2563,	1157,	-443,	-1,	'C06.0',	'Cheek mucosa',	'0000-00-00 00:00:00',	NULL,	'2023-01-12 16:39:12',	NULL),
(2564,	1157,	-7528,	-1,	'C06.2',	'Retromolar area',	'0000-00-00 00:00:00',	NULL,	'2023-01-12 16:39:12',	NULL),
(2565,	1157,	-18853,	-1,	'C06.2',	'Ca of retromolar area',	'0000-00-00 00:00:00',	NULL,	'2023-01-12 16:39:12',	NULL),
(2566,	1157,	-24488,	-1,	'C06.8',	'Overlapping Ca of  other and unspecified parts of mouth',	'0000-00-00 00:00:00',	NULL,	'2023-01-12 16:39:12',	NULL),
(2567,	1157,	-470,	-1,	'C06.9',	'Mouth, NOS',	'0000-00-00 00:00:00',	NULL,	'2023-01-12 16:39:12',	NULL),
(2568,	1157,	-9601,	-1,	'C06.9',	'Ca of mouth, unspecified',	'0000-00-00 00:00:00',	NULL,	'2023-01-12 16:39:12',	NULL),
(2569,	1157,	-29363,	-1,	'C06.9',	'Ca of mouth, unspecified LT RETROMOLAR TRIGONE',	'0000-00-00 00:00:00',	NULL,	'2023-01-12 16:39:12',	NULL),
(2570,	1157,	-9400,	-1,	'C07',	'Ca of parotid gland',	'0000-00-00 00:00:00',	NULL,	'2023-01-12 16:39:12',	NULL),
(2571,	1157,	-469,	-1,	'C07.9',	'Parotid gland',	'0000-00-00 00:00:00',	NULL,	'2023-01-12 16:39:12',	NULL),
(2572,	1157,	-942,	-1,	'C07.9a',	'Parotid gland',	'0000-00-00 00:00:00',	NULL,	'2023-01-12 16:39:12',	NULL),
(2573,	1157,	-943,	-1,	'C07.9b',	'Parotid gland',	'0000-00-00 00:00:00',	NULL,	'2023-01-12 16:39:12',	NULL),
(2574,	1157,	-3058,	-1,	'C07.9p',	'Parotid gland',	'0000-00-00 00:00:00',	NULL,	'2023-01-12 16:39:12',	NULL),
(2575,	1157,	-3463,	-1,	'C07.9q',	'Parotid gland',	'0000-00-00 00:00:00',	NULL,	'2023-01-12 16:39:12',	NULL),
(2576,	1157,	-2909,	-1,	'C07.9r',	'Parotid gland',	'0000-00-00 00:00:00',	NULL,	'2023-01-12 16:39:12',	NULL),
(2577,	1157,	-2911,	-1,	'C07.9s',	'Parotid gland',	'0000-00-00 00:00:00',	NULL,	'2023-01-12 16:39:12',	NULL),
(2578,	1157,	-2589,	-1,	'C08.0',	'Submandibular gland',	'0000-00-00 00:00:00',	NULL,	'2023-01-12 16:39:12',	NULL),
(2579,	1157,	-16293,	-1,	'C08.0',	'Ca of submandibular gland',	'0000-00-00 00:00:00',	NULL,	'2023-01-12 16:39:12',	NULL),
(2580,	1157,	-7589,	-1,	'C08.0p',	'Submandibular gland',	'0000-00-00 00:00:00',	NULL,	'2023-01-12 16:39:12',	NULL),
(2581,	1157,	-18109,	-1,	'C08.8',	'Overlapping Ca of  major salivary glands',	'0000-00-00 00:00:00',	NULL,	'2023-01-12 16:39:12',	NULL),
(2582,	1157,	-1933,	-1,	'C08.9',	'Major salivary gland, NOS',	'0000-00-00 00:00:00',	NULL,	'2023-01-12 16:39:12',	NULL),
(2583,	1157,	-13334,	-1,	'C08.9',	'Ca of major salivary gland, unspecified',	'0000-00-00 00:00:00',	NULL,	'2023-01-12 16:39:12',	NULL),
(2584,	1157,	-12137,	-1,	'C09.0',	'Ca of tonsillar fossa',	'0000-00-00 00:00:00',	NULL,	'2023-01-12 16:39:12',	NULL),
(2585,	1157,	-12216,	-1,	'C09.1',	'Ca of tonsillar pillar (anterior)(posterior)',	'0000-00-00 00:00:00',	NULL,	'2023-01-12 16:39:12',	NULL),
(2586,	1157,	-13706,	-1,	'C09.8',	'Overlapping Ca of  tonsil',	'0000-00-00 00:00:00',	NULL,	'2023-01-12 16:39:12',	NULL),
(2587,	1157,	-32375,	-1,	'C09.9',	'Ca of parotid glandl, unspecified',	'0000-00-00 00:00:00',	NULL,	'2023-01-12 16:39:12',	NULL),
(2588,	1157,	-286,	-1,	'C09.9',	'Tonsil, NOS excludes Lingual tonsil C02.4 and Pharyngeal tonsil',	'0000-00-00 00:00:00',	NULL,	'2023-01-12 16:39:12',	NULL),
(2589,	1157,	-8622,	-1,	'C09.9',	'Ca of tonsil, unspecified',	'0000-00-00 00:00:00',	NULL,	'2023-01-12 16:39:12',	NULL),
(2590,	1157,	-2386,	-1,	'C09.9a',	'Tonsil, NOS excludes Lingual tonsil C02.4 and Pharyngeal tonsil',	'0000-00-00 00:00:00',	NULL,	'2023-01-12 16:39:12',	NULL),
(2591,	1157,	-7882,	-1,	'C09.9b',	'Tonsil, NOS excludes Lingual tonsil C02.4 and Pharyngeal tonsil',	'0000-00-00 00:00:00',	NULL,	'2023-01-12 16:39:12',	NULL),
(2592,	1157,	-7883,	-1,	'C09.9c',	'Dr. Zidulka asked us to try again because of the size of his ton',	'0000-00-00 00:00:00',	NULL,	'2023-01-12 16:39:12',	NULL),
(2593,	1157,	-4404,	-1,	'C09.9p',	'Tonsil, NOS excludes Lingual tonsil C02.4 and Pharyngeal tonsil',	'0000-00-00 00:00:00',	NULL,	'2023-01-12 16:39:12',	NULL),
(2594,	1157,	-4931,	-1,	'C09.9r',	'Tonsil, NOS excludes Lingual tonsil C02.4 and Pharyngeal tonsil',	'0000-00-00 00:00:00',	NULL,	'2023-01-12 16:39:12',	NULL),
(2595,	1157,	-12106,	-1,	'C10.2',	'Ca of lateral wall of oropharynx',	'0000-00-00 00:00:00',	NULL,	'2023-01-12 16:39:12',	NULL),
(2596,	1157,	-12964,	-1,	'C10.3',	'Ca of posterior wall of oropharynx',	'0000-00-00 00:00:00',	NULL,	'2023-01-12 16:39:12',	NULL),
(2597,	1157,	-3590,	-1,	'C10.3',	'Posterior wall of oropharynx - Posterior wall of mesopharynx',	'0000-00-00 00:00:00',	NULL,	'2023-01-12 16:39:12',	NULL),
(2598,	1157,	-6936,	-1,	'C10.3r',	'Posterior wall of oropharynx - Posterior wall of mesopharynx',	'0000-00-00 00:00:00',	NULL,	'2023-01-12 16:39:12',	NULL),
(2599,	1157,	-7142,	-1,	'C10.4',	'Branchial cleft site of neoplasm',	'0000-00-00 00:00:00',	NULL,	'2023-01-12 16:39:12',	NULL),
(2600,	1157,	-7143,	-1,	'C10.4r',	'Branchial cleft site of neoplasm',	'0000-00-00 00:00:00',	NULL,	'2023-01-12 16:39:12',	NULL),
(2601,	1157,	-678,	-1,	'C10.8',	'Overlapping lesion of oropharynx',	'0000-00-00 00:00:00',	NULL,	'2023-01-12 16:39:12',	NULL),
(2602,	1157,	-12141,	-1,	'C10.8',	'Overlapping Ca of  oropharynx',	'0000-00-00 00:00:00',	NULL,	'2023-01-12 16:39:12',	NULL),
(2603,	1157,	-588,	-1,	'C10.9',	'Oropharynx, NOS',	'0000-00-00 00:00:00',	NULL,	'2023-01-12 16:39:12',	NULL),
(2604,	1157,	-8587,	-1,	'C10.9',	'Ca of oropharynx, unspecified',	'0000-00-00 00:00:00',	NULL,	'2023-01-12 16:39:12',	NULL),
(2605,	1157,	-6791,	-1,	'C10.9r',	'Oropharynx, NOS',	'0000-00-00 00:00:00',	NULL,	'2023-01-12 16:39:12',	NULL),
(2606,	1157,	-14088,	-1,	'C11.0',	'Ca of superior wall of nasopharynx',	'0000-00-00 00:00:00',	NULL,	'2023-01-12 16:39:12',	NULL),
(2607,	1157,	-14256,	-1,	'C11.1',	'Ca of posterior wall of nasopharynx',	'0000-00-00 00:00:00',	NULL,	'2023-01-12 16:39:12',	NULL),
(2608,	1157,	-24992,	-1,	'C11.1',	'Ca of posterior wall of nasopharynx (PHARYNGEAL TONSIL)',	'0000-00-00 00:00:00',	NULL,	'2023-01-12 16:39:12',	NULL),
(2609,	1157,	-7526,	-1,	'C11.1',	'Posterior wall of nasopharynx',	'0000-00-00 00:00:00',	NULL,	'2023-01-12 16:39:12',	NULL),
(2610,	1157,	-12442,	-1,	'C11.2',	'Ca of lateral wall of nasopharynx',	'0000-00-00 00:00:00',	NULL,	'2023-01-12 16:39:12',	NULL),
(2611,	1157,	-1093,	-1,	'C11.2',	'Lateral wall of nasopharynx',	'0000-00-00 00:00:00',	NULL,	'2023-01-12 16:39:12',	NULL),
(2612,	1157,	-21449,	-1,	'C11.3',	'Ca of anterior wall of nasopharynx',	'0000-00-00 00:00:00',	NULL,	'2023-01-12 16:39:12',	NULL),
(2613,	1157,	-12574,	-1,	'C11.8',	'Overlapping Ca of  nasopharynx',	'0000-00-00 00:00:00',	NULL,	'2023-01-12 16:39:12',	NULL),
(2614,	1157,	-8724,	-1,	'C11.9',	'Ca of nasopharynx, unspecified',	'0000-00-00 00:00:00',	NULL,	'2023-01-12 16:39:12',	NULL),
(2615,	1157,	-497,	-1,	'C11.9',	'Nasopharynx, NOS',	'0000-00-00 00:00:00',	NULL,	'2023-01-12 16:39:12',	NULL),
(2616,	1157,	-4596,	-1,	'C11.9p',	'Nasopharynx, NOS',	'0000-00-00 00:00:00',	NULL,	'2023-01-12 16:39:12',	NULL),
(2617,	1157,	-5781,	-1,	'C11.9r',	'Nasopharynx, NOS',	'0000-00-00 00:00:00',	NULL,	'2023-01-12 16:39:12',	NULL),
(2618,	1157,	-11535,	-1,	'C12',	'Ca of pyriform sinus',	'0000-00-00 00:00:00',	NULL,	'2023-01-12 16:39:12',	NULL),
(2619,	1157,	-3029,	-1,	'C12.9',	'Pyriform sinus',	'0000-00-00 00:00:00',	NULL,	'2023-01-12 16:39:12',	NULL),
(2620,	1157,	-22454,	-1,	'C13.0',	'Ca of postcricoid region',	'0000-00-00 00:00:00',	NULL,	'2023-01-12 16:39:12',	NULL),
(2621,	1157,	-4657,	-1,	'C13.2',	'Posterior wall of hypopharynx',	'0000-00-00 00:00:00',	NULL,	'2023-01-12 16:39:12',	NULL),
(2622,	1157,	-11556,	-1,	'C13.2',	'Ca of posterior wall of hypopharynx',	'0000-00-00 00:00:00',	NULL,	'2023-01-12 16:39:12',	NULL),
(2623,	1157,	-4659,	-1,	'C13.2p',	'Posterior wall of hypopharynx',	'0000-00-00 00:00:00',	NULL,	'2023-01-12 16:39:12',	NULL),
(2624,	1157,	-7615,	-1,	'C13.9',	'Hypopharynx, NOS',	'0000-00-00 00:00:00',	NULL,	'2023-01-12 16:39:12',	NULL),
(2625,	1157,	-13572,	-1,	'C13.9',	'Ca of hypopharynx, unspecified',	'0000-00-00 00:00:00',	NULL,	'2023-01-12 16:39:12',	NULL),
(2626,	1157,	-9225,	-1,	'C14.0',	'Ca of pharynx, unspecified',	'0000-00-00 00:00:00',	NULL,	'2023-01-12 16:39:12',	NULL),
(2627,	1157,	-570,	-1,	'C14.0',	'Pharynx, NOS',	'0000-00-00 00:00:00',	NULL,	'2023-01-12 16:39:12',	NULL),
(2628,	1157,	-4406,	-1,	'C14.0r',	'Pharynx, NOS',	'0000-00-00 00:00:00',	NULL,	'2023-01-12 16:39:12',	NULL),
(2629,	1157,	-12110,	-1,	'C14.8',	'Overlapping Ca of  lip, oral cavity and pharynx',	'0000-00-00 00:00:00',	NULL,	'2023-01-12 16:39:12',	NULL),
(2630,	1157,	-1493,	-1,	'C30.0',	'Nasal cavity excludes Nose, NOS C76.0',	'0000-00-00 00:00:00',	NULL,	'2023-01-12 16:39:12',	NULL),
(2631,	1157,	-12177,	-1,	'C30.0',	'Ca of nasal cavity',	'0000-00-00 00:00:00',	NULL,	'2023-01-12 16:39:12',	NULL),
(2632,	1157,	-5273,	-1,	'C30.0a',	'Nasal cavity excludes Nose, NOS C76.0',	'0000-00-00 00:00:00',	NULL,	'2023-01-12 16:39:12',	NULL),
(2633,	1157,	-7547,	-1,	'C30.0r',	'Nasal cavity excludes Nose, NOS C76.0',	'0000-00-00 00:00:00',	NULL,	'2023-01-12 16:39:12',	NULL),
(2634,	1157,	-15113,	-1,	'C30.1',	'Ca of middle ear',	'0000-00-00 00:00:00',	NULL,	'2023-01-12 16:39:12',	NULL),
(2635,	1157,	-10326,	-1,	'C31.0',	'Ca of maxillary sinus',	'0000-00-00 00:00:00',	NULL,	'2023-01-12 16:39:12',	NULL),
(2636,	1157,	-498,	-1,	'C31.0',	'Maxillary sinus',	'0000-00-00 00:00:00',	NULL,	'2023-01-12 16:39:12',	NULL),
(2637,	1157,	-5493,	-1,	'C31.1',	'Ethmoid sinus',	'0000-00-00 00:00:00',	NULL,	'2023-01-12 16:39:12',	NULL),
(2638,	1157,	-8550,	-1,	'C31.1',	'Ca of ethmoidal sinus',	'0000-00-00 00:00:00',	NULL,	'2023-01-12 16:39:12',	NULL),
(2639,	1157,	-7625,	-1,	'C31.2',	'Frontal sinus',	'0000-00-00 00:00:00',	NULL,	'2023-01-12 16:39:12',	NULL),
(2640,	1157,	-7626,	-1,	'C31.2a',	'Frontal sinus',	'0000-00-00 00:00:00',	NULL,	'2023-01-12 16:39:12',	NULL),
(2641,	1157,	-7627,	-1,	'C31.2p',	'Frontal sinus',	'0000-00-00 00:00:00',	NULL,	'2023-01-12 16:39:12',	NULL),
(2642,	1157,	-10331,	-1,	'C31.3',	'Ca of sphenoidal sinus',	'0000-00-00 00:00:00',	NULL,	'2023-01-12 16:39:12',	NULL),
(2643,	1157,	-6786,	-1,	'C31.3',	'Sphenoid sinus',	'0000-00-00 00:00:00',	NULL,	'2023-01-12 16:39:12',	NULL),
(2644,	1157,	-2126,	-1,	'C31.8',	'Overlapping lesion of accessory sinuses',	'0000-00-00 00:00:00',	NULL,	'2023-01-12 16:39:12',	NULL),
(2645,	1157,	-14165,	-1,	'C31.8',	'Overlapping Ca of  accessory sinuses',	'0000-00-00 00:00:00',	NULL,	'2023-01-12 16:39:12',	NULL),
(2646,	1157,	-15234,	-1,	'C31.9',	'Ca of accessory sinus, unspecified',	'0000-00-00 00:00:00',	NULL,	'2023-01-12 16:39:12',	NULL),
(2647,	1157,	-34353,	-1,	'C32.0',	'Ca of glottis - RT VOCAL CORD',	'0000-00-00 00:00:00',	NULL,	'2023-01-12 16:39:12',	NULL),
(2648,	1157,	-9379,	-1,	'C32.0',	'Ca of glottis (vocal cord)',	'0000-00-00 00:00:00',	NULL,	'2023-01-12 16:39:12',	NULL),
(2649,	1157,	-8429,	-1,	'C32.0',	'Ca of glottis',	'0000-00-00 00:00:00',	NULL,	'2023-01-12 16:39:12',	NULL),
(2650,	1157,	-85,	-1,	'C32.0',	'Glottis',	'0000-00-00 00:00:00',	NULL,	'2023-01-12 16:39:12',	NULL),
(2651,	1157,	-6392,	-1,	'C32.0a',	'Glottis',	'0000-00-00 00:00:00',	NULL,	'2023-01-12 16:39:12',	NULL),
(2652,	1157,	-6107,	-1,	'C32.0b',	'Glottis',	'0000-00-00 00:00:00',	NULL,	'2023-01-12 16:39:12',	NULL),
(2653,	1157,	-3280,	-1,	'C32.0p',	'Glottis',	'0000-00-00 00:00:00',	NULL,	'2023-01-12 16:39:12',	NULL),
(2654,	1157,	-2578,	-1,	'C32.0r',	'Glottis',	'0000-00-00 00:00:00',	NULL,	'2023-01-12 16:39:12',	NULL),
(2655,	1157,	-260,	-1,	'C32.1',	'Supraglottis',	'0000-00-00 00:00:00',	NULL,	'2023-01-12 16:39:12',	NULL),
(2656,	1157,	-9789,	-1,	'C32.1',	'Ca of supraglottis',	'0000-00-00 00:00:00',	NULL,	'2023-01-12 16:39:12',	NULL),
(2657,	1157,	-1226,	-1,	'C32.1a',	'Supraglottis',	'0000-00-00 00:00:00',	NULL,	'2023-01-12 16:39:12',	NULL),
(2658,	1157,	-4663,	-1,	'C32.1p',	'Supraglottis',	'0000-00-00 00:00:00',	NULL,	'2023-01-12 16:39:12',	NULL),
(2659,	1157,	-12688,	-1,	'C32.8',	'Overlapping Ca of  larynx',	'0000-00-00 00:00:00',	NULL,	'2023-01-12 16:39:12',	NULL),
(2660,	1157,	-19823,	-1,	'C32.9',	'Ca of larynx, unspecified (1998)',	'0000-00-00 00:00:00',	NULL,	'2023-01-12 16:39:12',	NULL),
(2661,	1157,	-10227,	-1,	'C32.9',	'Ca of larynx, unspecified (2008)',	'0000-00-00 00:00:00',	NULL,	'2023-01-12 16:39:12',	NULL),
(2662,	1157,	-9961,	-1,	'C32.9',	'Ca of larynx, unspecified (recurrence)',	'0000-00-00 00:00:00',	NULL,	'2023-01-12 16:39:12',	NULL),
(2663,	1157,	-2828,	-1,	'C32.9',	'Larynx, NOS',	'0000-00-00 00:00:00',	NULL,	'2023-01-12 16:39:12',	NULL),
(2664,	1157,	-9311,	-1,	'C32.9',	'Ca of larynx, unspecified',	'0000-00-00 00:00:00',	NULL,	'2023-01-12 16:39:12',	NULL),
(2665,	1157,	-4897,	-1,	'C32.9p',	'Larynx, NOS',	'0000-00-00 00:00:00',	NULL,	'2023-01-12 16:39:12',	NULL),
(2666,	1157,	-9278,	-1,	'C73',	'Ca of thyroid gland',	'0000-00-00 00:00:00',	NULL,	'2023-01-12 16:39:12',	NULL),
(2667,	1157,	-510,	-1,	'C73.9',	'Thyroid gland',	'0000-00-00 00:00:00',	NULL,	'2023-01-12 16:39:12',	NULL),
(2668,	1157,	-5593,	-1,	'C73.9a',	'Thyroid gland',	'0000-00-00 00:00:00',	NULL,	'2023-01-12 16:39:12',	NULL),
(2669,	1157,	-4578,	-1,	'C73.9p',	'Thyroid gland',	'0000-00-00 00:00:00',	NULL,	'2023-01-12 16:39:12',	NULL),
(2670,	1157,	-4579,	-1,	'C73.9q',	'Thyroid gland',	'0000-00-00 00:00:00',	NULL,	'2023-01-12 16:39:12',	NULL),
(2671,	1157,	-5348,	-1,	'C73.9r',	'Thyroid gland',	'0000-00-00 00:00:00',	NULL,	'2023-01-12 16:39:12',	NULL),
(2672,	1157,	-13543,	-1,	'C75.0',	'Ca of parathyroid gland',	'0000-00-00 00:00:00',	NULL,	'2023-01-12 16:39:12',	NULL),
(2673,	1157,	-14001,	-1,	'D02.0',	'Carcinoma in situ of larynx',	'0000-00-00 00:00:00',	NULL,	'2023-01-12 16:39:12',	NULL),
(2674,	1157,	-12576,	-1,	'D11.0',	'Benign neoplasm of parotid gland',	'0000-00-00 00:00:00',	NULL,	'2023-01-12 16:39:12',	NULL),
(2675,	1157,	-14065,	-1,	'D11.9',	'Benign neoplasm of major salivary gland, unspecified',	'0000-00-00 00:00:00',	NULL,	'2023-01-12 16:39:12',	NULL),
(2676,	1157,	-32136,	-1,	'D14.0',	'Benign neoplasm of middle ear, nasal cavity and accessory sinuses',	'0000-00-00 00:00:00',	NULL,	'2023-01-12 16:39:12',	NULL),
(2677,	1157,	-12536,	-1,	'D37.0',	'Neoplasm of uncertain or unknown behaviour of lip, oral cavity and pharynx',	'0000-00-00 00:00:00',	NULL,	'2023-01-12 16:39:12',	NULL),
(2678,	1157,	-13110,	-1,	'D38.5',	'Neoplasm of uncertain or unknown behaviour of other respiratory organs',	'0000-00-00 00:00:00',	NULL,	'2023-01-12 16:39:12',	NULL),
(2679,	1157,	-14833,	-1,	'H05.1',	'Chronic inflammatory disorders of orbit',	'0000-00-00 00:00:00',	NULL,	'2023-01-12 16:39:12',	NULL),
(2680,	1157,	-9388,	-1,	'H05.2',	'Exophthalmic conditions',	'0000-00-00 00:00:00',	NULL,	'2023-01-12 16:39:12',	NULL),
(2681,	1157,	-13824,	-1,	'H06.2',	'Dysthyroid exophthalmos',	'0000-00-00 00:00:00',	NULL,	'2023-01-12 16:39:12',	NULL),
(2682,	1157,	-23005,	-1,	'H18.6',	'Keratoconus',	'0000-00-00 00:00:00',	NULL,	'2023-01-12 16:39:12',	NULL),
(2683,	1157,	-14250,	-1,	'H93.3',	'Disorders of acoustic nerve',	'0000-00-00 00:00:00',	NULL,	'2023-01-12 16:39:12',	NULL),
(2750,	1129,	-12711,	-1,	'0',	'Ca of breast, unspecified',	'2021-08-27 13:59:13',	NULL,	'2023-01-12 16:39:12',	NULL),
(2751,	1129,	-8247,	-1,	'174.3',	'Ca of lower-inner quadrant of female breast',	'2021-08-27 13:59:13',	NULL,	'2023-01-12 16:39:12',	NULL),
(2752,	1129,	-8141,	-1,	'174.4',	'Ca of upper-outer quadrant of female breast',	'2021-08-27 13:59:13',	NULL,	'2023-01-12 16:39:12',	NULL),
(2753,	1129,	-8148,	-1,	'174.8',	'Ca of other specified sites of female breast',	'2021-08-27 13:59:13',	NULL,	'2023-01-12 16:39:12',	NULL),
(2754,	1129,	-8135,	-1,	'174.9',	'Ca of breast (female), unspecified site',	'2021-08-27 13:59:13',	NULL,	'2023-01-12 16:39:12',	NULL),
(2755,	1129,	-8144,	-1,	'233.0',	'Carcinoma in situ of breast',	'2021-08-27 13:59:13',	NULL,	'2023-01-12 16:39:12',	NULL),
(2756,	1129,	-356,	-1,	'C50.0',	'Nipple',	'2021-08-27 13:59:13',	NULL,	'2023-01-12 16:39:12',	NULL),
(2757,	1129,	-20606,	-1,	'C50.0',	'Ca of nipple and areola',	'2021-08-27 13:59:13',	NULL,	'2023-01-12 16:39:12',	NULL),
(2758,	1129,	-2826,	-1,	'C50.1',	'Central portion of breast (LEFT)',	'2021-08-27 13:59:13',	NULL,	'2023-01-12 16:39:12',	NULL),
(2759,	1129,	-189,	-1,	'C50.1',	'Central portion of breast',	'2021-08-27 13:59:13',	NULL,	'2023-01-12 16:39:12',	NULL),
(2760,	1129,	-8466,	-1,	'C50.1',	'Ca of central portion of breast (2nd consultation)',	'2021-08-27 13:59:13',	NULL,	'2023-01-12 16:39:12',	NULL),
(2761,	1129,	-16840,	-1,	'C50.1',	'Ca of central portion of breast (2012)',	'2021-08-27 13:59:13',	NULL,	'2023-01-12 16:39:12',	NULL),
(2762,	1129,	-18012,	-1,	'C50.1',	'Ca of central portion of breast (2011)',	'2021-08-27 13:59:13',	NULL,	'2023-01-12 16:39:12',	NULL),
(2763,	1129,	-8369,	-1,	'C50.1',	'Ca of central portion of breast',	'2021-08-27 13:59:13',	NULL,	'2023-01-12 16:39:12',	NULL),
(2764,	1129,	-2283,	-1,	'C50.10',	'Central portion of breast',	'2021-08-27 13:59:13',	NULL,	'2023-01-12 16:39:12',	NULL),
(2765,	1129,	-5873,	-1,	'C50.1p',	'Central portion of breast',	'2021-08-27 13:59:13',	NULL,	'2023-01-12 16:39:12',	NULL),
(2766,	1129,	-12818,	-1,	'C50.2',	'Ca of upper-inner quadrant of breast (Right)',	'2021-08-27 13:59:13',	NULL,	'2023-01-12 16:39:12',	NULL),
(2767,	1129,	-17720,	-1,	'C50.2',	'Ca of upper-inner quadrant of breast (RIGHT)',	'2021-08-27 13:59:13',	NULL,	'2023-01-12 16:39:12',	NULL),
(2768,	1129,	-23296,	-1,	'C50.2',	'Ca of upper-inner quadrant of breast (Right, 2013)',	'2021-08-27 13:59:13',	NULL,	'2023-01-12 16:39:12',	NULL),
(2769,	1129,	-12076,	-1,	'C50.2',	'Ca of upper-inner quadrant of breast (Rt)',	'2021-08-27 13:59:13',	NULL,	'2023-01-12 16:39:12',	NULL),
(2770,	1129,	-169,	-1,	'C50.2',	'Upper-inner quadrant of breast',	'2021-08-27 13:59:13',	NULL,	'2023-01-12 16:39:12',	NULL),
(2771,	1129,	-11701,	-1,	'C50.2',	'Ca of upper-inner quadrant of breast (right)',	'2021-08-27 13:59:13',	NULL,	'2023-01-12 16:39:12',	NULL),
(2772,	1129,	-13782,	-1,	'C50.2',	'Ca of upper-inner quadrant of breast (Lt)',	'2021-08-27 13:59:13',	NULL,	'2023-01-12 16:39:12',	NULL),
(2773,	1129,	-20295,	-1,	'C50.2',	'Ca of upper-inner quadrant of breast (Left, 2013)',	'2021-08-27 13:59:13',	NULL,	'2023-01-12 16:39:12',	NULL),
(2774,	1129,	-13213,	-1,	'C50.2',	'Ca of upper-inner quadrant of breast (Left)',	'2021-08-27 13:59:13',	NULL,	'2023-01-12 16:39:12',	NULL),
(2775,	1129,	-13920,	-1,	'C50.2',	'Ca of upper-inner quadrant of breast (2011, RT)',	'2021-08-27 13:59:13',	NULL,	'2023-01-12 16:39:12',	NULL),
(2776,	1129,	-14093,	-1,	'C50.2',	'Ca of upper-inner quadrant of breast - RIGHT BREAST',	'2021-08-27 13:59:13',	NULL,	'2023-01-12 16:39:12',	NULL),
(2777,	1129,	-24462,	-1,	'C50.2',	'Ca of upper-inner quadrant of breast  (LEFT)',	'2021-08-27 13:59:13',	NULL,	'2023-01-12 16:39:12',	NULL),
(2778,	1129,	-8524,	-1,	'C50.2',	'Ca of upper-inner quadrant of breast',	'2021-08-27 13:59:13',	NULL,	'2023-01-12 16:39:12',	NULL),
(2779,	1129,	-166,	-1,	'C50.3',	'Lower-inner quadrant of breast',	'2021-08-27 13:59:13',	NULL,	'2023-01-12 16:39:12',	NULL),
(2780,	1129,	-34653,	-1,	'C50.3',	'Ca of lower-inner quadrant of breast (RIGHT)',	'2021-08-27 13:59:13',	NULL,	'2023-01-12 16:39:12',	NULL),
(2781,	1129,	-13776,	-1,	'C50.3',	'Ca of lower-inner quadrant of breast (Lt)',	'2021-08-27 13:59:13',	NULL,	'2023-01-12 16:39:12',	NULL),
(2782,	1129,	-14036,	-1,	'C50.3',	'Ca of lower-inner quadrant of breast (2001)',	'2021-08-27 13:59:13',	NULL,	'2023-01-12 16:39:12',	NULL),
(2783,	1129,	-8666,	-1,	'C50.3',	'Ca of lower-inner quadrant of breast',	'2021-08-27 13:59:13',	NULL,	'2023-01-12 16:39:12',	NULL),
(2784,	1129,	-11689,	-1,	'C50.4',	'Ca of upper-outer quadrant of breast (right)',	'2021-08-27 13:59:13',	NULL,	'2023-01-12 16:39:12',	NULL),
(2785,	1129,	-11779,	-1,	'C50.4',	'Ca of upper-outer quadrant of breast (Right)',	'2021-08-27 13:59:13',	NULL,	'2023-01-12 16:39:12',	NULL),
(2786,	1129,	-23177,	-1,	'C50.4',	'Ca of upper-outer quadrant of breast (RIGHT)',	'2021-08-27 13:59:13',	NULL,	'2023-01-12 16:39:12',	NULL),
(2787,	1129,	-20631,	-1,	'C50.4',	'Ca of upper-outer quadrant of breast (Right, 2013)',	'2021-08-27 13:59:13',	NULL,	'2023-01-12 16:39:12',	NULL),
(2788,	1129,	-13781,	-1,	'C50.4',	'Ca of upper-outer quadrant of breast (Rt)',	'2021-08-27 13:59:13',	NULL,	'2023-01-12 16:39:12',	NULL),
(2789,	1129,	-13958,	-1,	'C50.4',	'Ca of upper-outer quadrant of breast (RT, 2011)',	'2021-08-27 13:59:13',	NULL,	'2023-01-12 16:39:12',	NULL),
(2790,	1129,	-22395,	-1,	'C50.4',	'Ca of upper-outer quadrant of breast (Rt, 2013)',	'2021-08-27 13:59:13',	NULL,	'2023-01-12 16:39:12',	NULL),
(2791,	1129,	-20602,	-1,	'C50.4',	'Ca of upper-outer quadrant of breast, at 2 o\'clock',	'2021-08-27 13:59:13',	NULL,	'2023-01-12 16:39:12',	NULL),
(2792,	1129,	-162,	-1,	'C50.4',	'Upper-outer quadrant of breast',	'2021-08-27 13:59:13',	NULL,	'2023-01-12 16:39:12',	NULL),
(2793,	1129,	-2665,	-1,	'C50.4',	'Upper-outer quadrant of breast (Right, 2005)',	'2021-08-27 13:59:13',	NULL,	'2023-01-12 16:39:12',	NULL),
(2794,	1129,	-21865,	-1,	'C50.4',	'Ca of upper-outer quadrant of breast (LT, 2013)',	'2021-08-27 13:59:13',	NULL,	'2023-01-12 16:39:12',	NULL),
(2795,	1129,	-21706,	-1,	'C50.4',	'Ca of upper-outer quadrant of breast (Left, 2005)',	'2021-08-27 13:59:13',	NULL,	'2023-01-12 16:39:12',	NULL),
(2796,	1129,	-23759,	-1,	'C50.4',	'Ca of upper-inner quadrant of breast',	'2021-08-27 13:59:13',	NULL,	'2023-01-12 16:39:12',	NULL),
(2797,	1129,	-8408,	-1,	'C50.4',	'Ca of upper-outer quadrant of breast',	'2021-08-27 13:59:13',	NULL,	'2023-01-12 16:39:12',	NULL),
(2798,	1129,	-18325,	-1,	'C50.4',	'Ca of upper-outer quadrant of breast  (right)',	'2021-08-27 13:59:13',	NULL,	'2023-01-12 16:39:12',	NULL),
(2799,	1129,	-34956,	-1,	'C50.4',	'Ca of upper-outer quadrant of breast  (RIGHT)',	'2021-08-27 13:59:13',	NULL,	'2023-01-12 16:39:12',	NULL),
(2800,	1129,	-13078,	-1,	'C50.4',	'Ca of upper-outer quadrant of breast (2010)',	'2021-08-27 13:59:13',	NULL,	'2023-01-12 16:39:12',	NULL),
(2801,	1129,	-12032,	-1,	'C50.4',	'Ca of upper-outer quadrant of breast (2010, Lt)',	'2021-08-27 13:59:13',	NULL,	'2023-01-12 16:39:12',	NULL),
(2802,	1129,	-14037,	-1,	'C50.4',	'Ca of upper-outer quadrant of breast (2011)',	'2021-08-27 13:59:13',	NULL,	'2023-01-12 16:39:12',	NULL),
(2803,	1129,	-11702,	-1,	'C50.4',	'Ca of upper-outer quadrant of breast (left)',	'2021-08-27 13:59:13',	NULL,	'2023-01-12 16:39:12',	NULL),
(2804,	1129,	-11816,	-1,	'C50.4',	'Ca of upper-outer quadrant of breast (Left)',	'2021-08-27 13:59:13',	NULL,	'2023-01-12 16:39:12',	NULL),
(2805,	1129,	-6087,	-1,	'C50.40',	'Upper-outer quadrant of breast',	'2021-08-27 13:59:13',	NULL,	'2023-01-12 16:39:12',	NULL),
(2806,	1129,	-2143,	-1,	'C50.4p',	'Upper-outer quadrant of breast',	'2021-08-27 13:59:13',	NULL,	'2023-01-12 16:39:12',	NULL),
(2807,	1129,	-3175,	-1,	'C50.4q',	'Upper-outer quadrant of breast',	'2021-08-27 13:59:13',	NULL,	'2023-01-12 16:39:12',	NULL),
(2808,	1129,	-84,	-1,	'C50.5',	'Lower-outer quadrant of breast',	'2021-08-27 13:59:13',	NULL,	'2023-01-12 16:39:12',	NULL),
(2809,	1129,	-20889,	-1,	'C50.5',	'Ca of lower-outer quadrant of breast (Left, 2008)',	'2021-08-27 13:59:13',	NULL,	'2023-01-12 16:39:12',	NULL),
(2810,	1129,	-18653,	-1,	'C50.5',	'Ca of lower-outer quadrant of breast  (LEFT)',	'2021-08-27 13:59:13',	NULL,	'2023-01-12 16:39:12',	NULL),
(2811,	1129,	-29832,	-1,	'C50.5',	'Ca of lower-outer quadrant of breast  (2ND PRIMARY)',	'2021-08-27 13:59:13',	NULL,	'2023-01-12 16:39:12',	NULL),
(2812,	1129,	-8768,	-1,	'C50.5',	'Ca of lower-outer quadrant of breast',	'2021-08-27 13:59:13',	NULL,	'2023-01-12 16:39:12',	NULL),
(2813,	1129,	-3741,	-1,	'C50.5p',	'Lower-outer quadrant of breast',	'2021-08-27 13:59:13',	NULL,	'2023-01-12 16:39:12',	NULL),
(2814,	1129,	-3742,	-1,	'C50.5q',	'Lower-outer quadrant of breast',	'2021-08-27 13:59:13',	NULL,	'2023-01-12 16:39:12',	NULL),
(2815,	1129,	-5752,	-1,	'C50.5r',	'Lower-outer quadrant of breast',	'2021-08-27 13:59:13',	NULL,	'2023-01-12 16:39:12',	NULL),
(2816,	1129,	-13395,	-1,	'C50.6',	'Ca of axillary tail of breast (left)',	'2021-08-27 13:59:13',	NULL,	'2023-01-12 16:39:12',	NULL),
(2817,	1129,	-11425,	-1,	'C50.6',	'Ca of axillary tail of breast',	'2021-08-27 13:59:13',	NULL,	'2023-01-12 16:39:12',	NULL),
(2818,	1129,	-2152,	-1,	'C50.6',	'Axillary tail of breast',	'2021-08-27 13:59:13',	NULL,	'2023-01-12 16:39:12',	NULL),
(2819,	1129,	-2647,	-1,	'C50.6r',	'Axillary tail of breast',	'2021-08-27 13:59:13',	NULL,	'2023-01-12 16:39:12',	NULL),
(2820,	1129,	-33037,	-1,	'C50.8',	'Overlapping Ca of  breast (RIGHT)',	'2021-08-27 13:59:13',	NULL,	'2023-01-12 16:39:12',	NULL),
(2821,	1129,	-21708,	-1,	'C50.8',	'Overlapping Ca of  breast (Right, 2013)',	'2021-08-27 13:59:13',	NULL,	'2023-01-12 16:39:12',	NULL),
(2822,	1129,	-19470,	-1,	'C50.8',	"Overlapping Ca of  breast a 3 o\'clock",	'2021-08-27 13:59:13',	NULL,	'2023-01-12 16:39:12',	NULL),
(2823,	1129,	-19475,	-1,	'C50.8',	"Overlapping Ca of  breast at 12 o\'clock",	'2021-08-27 13:59:13',	NULL,	'2023-01-12 16:39:12',	NULL),
(2824,	1129,	-19473,	-1,	'C50.8',	"Overlapping Ca of  breast at 9 o\'clock",	'2021-08-27 13:59:13',	NULL,	'2023-01-12 16:39:12',	NULL),
(2825,	1129,	-19696,	-1,	'C50.8',	"Overlapping Ca of  breast, at 12 o\'clock",	'2021-08-27 13:59:13',	NULL,	'2023-01-12 16:39:12',	NULL),
(2826,	1129,	-86,	-1,	'C50.8',	'Overlapping lesion of breast',	'2021-08-27 13:59:13',	NULL,	'2023-01-12 16:39:12',	NULL),
(2827,	1129,	-1687,	-1,	'C50.8',	'Overlapping lesion of breast (LEFT)',	'2021-08-27 13:59:13',	NULL,	'2023-01-12 16:39:12',	NULL),
(2828,	1129,	-13214,	-1,	'C50.8',	'Overlapping Ca of  breast (Right)',	'2021-08-27 13:59:13',	NULL,	'2023-01-12 16:39:12',	NULL),
(2829,	1129,	-13396,	-1,	'C50.8',	'Overlapping Ca of  breast (right)',	'2021-08-27 13:59:13',	NULL,	'2023-01-12 16:39:12',	NULL),
(2830,	1129,	-9723,	-1,	'C50.8',	'bilateral breast cancer in 2003. She received neoadjuvant chemotherapy for cT2Nx disease on the left and cT3Nx on the right. Following bilateral mastectomy and right-sided nodal dissection, adjuvant radiotherapy was given. This consisted of whole-breast',	'2021-08-27 13:59:13',	NULL,	'2023-01-12 16:39:12',	NULL),
(2831,	1129,	-8648,	-1,	'C50.8',	'Overlapping Ca of  breast',	'2021-08-27 13:59:13',	NULL,	'2023-01-12 16:39:12',	NULL),
(2832,	1129,	-16054,	-1,	'C50.8',	'Overlapping Ca of  breast  (LEFT)',	'2021-08-27 13:59:13',	NULL,	'2023-01-12 16:39:12',	NULL),
(2833,	1129,	-20333,	-1,	'C50.8',	"Overlapping Ca of  breast (3-4 O\'clock)",	'2021-08-27 13:59:13',	NULL,	'2023-01-12 16:39:12',	NULL),
(2834,	1129,	-11688,	-1,	'C50.8',	'Overlapping Ca of  breast (left)',	'2021-08-27 13:59:13',	NULL,	'2023-01-12 16:39:12',	NULL),
(2835,	1129,	-11781,	-1,	'C50.8',	'Overlapping Ca of  breast (Left)',	'2021-08-27 13:59:13',	NULL,	'2023-01-12 16:39:12',	NULL),
(2836,	1129,	-11797,	-1,	'C50.8',	'Overlapping Ca of  breast (left, 2006)',	'2021-08-27 13:59:13',	NULL,	'2023-01-12 16:39:12',	NULL),
(2837,	1129,	-9741,	-1,	'C50.8',	'Overlapping Ca of  breast (recurrence)',	'2021-08-27 13:59:13',	NULL,	'2023-01-12 16:39:12',	NULL),
(2838,	1129,	-6151,	-1,	'C50.8a',	'Overlapping lesion of breast',	'2021-08-27 13:59:13',	NULL,	'2023-01-12 16:39:12',	NULL),
(2839,	1129,	-6152,	-1,	'C50.8b',	'Overlapping lesion of breast',	'2021-08-27 13:59:13',	NULL,	'2023-01-12 16:39:12',	NULL),
(2840,	1129,	-1784,	-1,	'C50.8p',	'Overlapping lesion of breast',	'2021-08-27 13:59:13',	NULL,	'2023-01-12 16:39:12',	NULL),
(2841,	1129,	-2825,	-1,	'C50.8r',	'Overlapping lesion of breast',	'2021-08-27 13:59:13',	NULL,	'2023-01-12 16:39:12',	NULL),
(2842,	1129,	-20085,	-1,	'C50.9',	'Ca of breast, unspecified (Left, 2013)',	'2021-08-27 13:59:13',	NULL,	'2023-01-12 16:39:12',	NULL),
(2843,	1129,	-13959,	-1,	'C50.9',	'Ca of breast, unspecified (LT, 2003)',	'2021-08-27 13:59:13',	NULL,	'2023-01-12 16:39:12',	NULL),
(2844,	1129,	-11933,	-1,	'C50.9',	'Ca of breast, unspecified (MALT Lymphoma)',	'2021-08-27 13:59:13',	NULL,	'2023-01-12 16:39:12',	NULL),
(2845,	1129,	-11371,	-1,	'C50.9',	'Ca of breast, unspecified (progression in 2009)',	'2021-08-27 13:59:13',	NULL,	'2023-01-12 16:39:12',	NULL),
(2846,	1129,	-10425,	-1,	'C50.9',	'Ca of breast, unspecified (reccurence 2008)',	'2021-08-27 13:59:13',	NULL,	'2023-01-12 16:39:12',	NULL),
(2847,	1129,	-10188,	-1,	'C50.9',	'Ca of breast, unspecified (recurrence 2006)',	'2021-08-27 13:59:13',	NULL,	'2023-01-12 16:39:12',	NULL),
(2848,	1129,	-9326,	-1,	'C50.9',	'Ca of breast, unspecified (recurrence)',	'2021-08-27 13:59:13',	NULL,	'2023-01-12 16:39:12',	NULL),
(2849,	1129,	-19636,	-1,	'C50.9',	'Ca of breast, unspecified (Left, 2012)',	'2021-08-27 13:59:13',	NULL,	'2023-01-12 16:39:12',	NULL),
(2850,	1129,	-18065,	-1,	'C50.9',	'Ca of breast, unspecified (Left, 2004)',	'2021-08-27 13:59:13',	NULL,	'2023-01-12 16:39:12',	NULL),
(2851,	1129,	-23406,	-1,	'C50.9',	'Ca of breast, unspecified (Left, 2002)',	'2021-08-27 13:59:13',	NULL,	'2023-01-12 16:39:12',	NULL),
(2852,	1129,	-8488,	-1,	'C50.9',	'Ca of breast, unspecified (2nd consultation post-op)',	'2021-08-27 13:59:13',	NULL,	'2023-01-12 16:39:12',	NULL),
(2853,	1129,	-11604,	-1,	'C50.9',	'Ca of breast, unspecified (Dx in 2005)',	'2021-08-27 13:59:13',	NULL,	'2023-01-12 16:39:12',	NULL),
(2854,	1129,	-10580,	-1,	'C50.9',	'Ca of breast, unspecified (Left 2009)',	'2021-08-27 13:59:13',	NULL,	'2023-01-12 16:39:12',	NULL),
(2855,	1129,	-9662,	-1,	'C50.9',	'Ca of breast, unspecified (left)',	'2021-08-27 13:59:13',	NULL,	'2023-01-12 16:39:12',	NULL),
(2856,	1129,	-10373,	-1,	'C50.9',	'Ca of breast, unspecified (Left)',	'2021-08-27 13:59:13',	NULL,	'2023-01-12 16:39:12',	NULL),
(2857,	1129,	-8828,	-1,	'C50.9',	'Ca of breast, unspecified (LEFT)',	'2021-08-27 13:59:13',	NULL,	'2023-01-12 16:39:12',	NULL),
(2858,	1129,	-11188,	-1,	'C50.9',	'Ca of breast, unspecified (LEFT)  (Previous LT breast CA in 2009, not TX w/ XRT)',	'2021-08-27 13:59:13',	NULL,	'2023-01-12 16:39:12',	NULL),
(2859,	1129,	-15337,	-1,	'C50.9',	'Ca of breast, unspecified (Left, 1999)',	'2021-08-27 13:59:13',	NULL,	'2023-01-12 16:39:12',	NULL),
(2860,	1129,	-20916,	-1,	'C50.9',	'Ca of breast, unspecified (Recurrence, 2012)',	'2021-08-27 13:59:13',	NULL,	'2023-01-12 16:39:12',	NULL),
(2861,	1129,	-10579,	-1,	'C50.9',	'Ca of breast, unspecified (Right 2002)',	'2021-08-27 13:59:13',	NULL,	'2023-01-12 16:39:12',	NULL),
(2862,	1129,	-9660,	-1,	'C50.9',	'Ca of breast, unspecified (right)',	'2021-08-27 13:59:13',	NULL,	'2023-01-12 16:39:12',	NULL),
(2863,	1129,	-21683,	-1,	'C50.9',	'Ca of breast, unspecified (RT, 2013)',	'2021-08-27 13:59:13',	NULL,	'2023-01-12 16:39:12',	NULL),
(2864,	1129,	-8463,	-1,	'C50.9',	'Ca of breast, unspecified LT BREAST',	'2021-08-27 13:59:13',	NULL,	'2023-01-12 16:39:12',	NULL),
(2865,	1129,	-27610,	-1,	'C50.9',	'Ca of breast, unspecified RT BREAST',	'2021-08-27 13:59:13',	NULL,	'2023-01-12 16:39:12',	NULL),
(2866,	1129,	-24803,	-1,	'C50.9',	'Ca of breast, unspecified(LEFT)',	'2021-08-27 13:59:13',	NULL,	'2023-01-12 16:39:12',	NULL),
(2867,	1129,	-24665,	-1,	'C50.9',	'Ca of breast, unspecified(RIGHT)',	'2021-08-27 13:59:13',	NULL,	'2023-01-12 16:39:12',	NULL),
(2868,	1129,	-19695,	-1,	'C50.9',	'Ca of breast, unspecified, (Left, 2013) Multiples tumours (5)',	'2021-08-27 13:59:13',	NULL,	'2023-01-12 16:39:12',	NULL),
(2869,	1129,	-18999,	-1,	'C50.9',	'Ca of left breast',	'2021-08-27 13:59:13',	NULL,	'2023-01-12 16:39:12',	NULL),
(2870,	1129,	-19000,	-1,	'C50.9',	'Ca of right breast',	'2021-08-27 13:59:13',	NULL,	'2023-01-12 16:39:12',	NULL),
(2871,	1129,	-19203,	-1,	'C50.9',	'Ca of breast, unspecified (Rt, 2013)',	'2021-08-27 13:59:13',	NULL,	'2023-01-12 16:39:12',	NULL),
(2872,	1129,	-10582,	-1,	'C50.9',	'Ca of breast, unspecified (Right)',	'2021-08-27 13:59:13',	NULL,	'2023-01-12 16:39:12',	NULL),
(2873,	1129,	-19585,	-1,	'C50.9',	'Ca of breast, unspecified (Right, 2006)',	'2021-08-27 13:59:13',	NULL,	'2023-01-12 16:39:12',	NULL),
(2874,	1129,	-20890,	-1,	'C50.9',	'Ca of breast, unspecified (Right, 2008)',	'2021-08-27 13:59:13',	NULL,	'2023-01-12 16:39:12',	NULL),
(2875,	1129,	-11798,	-1,	'C50.9',	'Ca of breast, unspecified (right, 2010)',	'2021-08-27 13:59:13',	NULL,	'2023-01-12 16:39:12',	NULL),
(2876,	1129,	-16279,	-1,	'C50.9',	'Ca of breast, unspecified (Right, 2011)',	'2021-08-27 13:59:13',	NULL,	'2023-01-12 16:39:12',	NULL),
(2877,	1129,	-16439,	-1,	'C50.9',	'Ca of breast, unspecified (Right, 2012)',	'2021-08-27 13:59:13',	NULL,	'2023-01-12 16:39:12',	NULL),
(2878,	1129,	-18281,	-1,	'C50.9',	'Ca of breast, unspecified (RIGHT, 2012)',	'2021-08-27 13:59:13',	NULL,	'2023-01-12 16:39:12',	NULL),
(2879,	1129,	-20718,	-1,	'C50.9',	'Ca of breast, unspecified (Right, 2013)',	'2021-08-27 13:59:13',	NULL,	'2023-01-12 16:39:12',	NULL),
(2880,	1129,	-9751,	-1,	'C50.9',	'left breast cancer stage T2, N1 that was treated in 1998 by surgical resection and adjuvant chemotherapy plus radiation therapy',	'2021-08-27 13:59:13',	NULL,	'2023-01-12 16:39:12',	NULL),
(2881,	1129,	-8485,	-1,	'C50.9',	'Ca of breast, unspecified (2nd consultation Dr Duclos)',	'2021-08-27 13:59:13',	NULL,	'2023-01-12 16:39:12',	NULL),
(2882,	1129,	-110,	-1,	'C50.9',	'Breast, NOS excludes Skin of breast C44.5',	'2021-08-27 13:59:13',	NULL,	'2023-01-12 16:39:12',	NULL),
(2883,	1129,	-17771,	-1,	'C50.9',	'Ca of breast, unspecified  (Left)',	'2021-08-27 13:59:13',	NULL,	'2023-01-12 16:39:12',	NULL),
(2884,	1129,	-20877,	-1,	'C50.9',	'Ca of breast, unspecified  (LEFT)',	'2021-08-27 13:59:13',	NULL,	'2023-01-12 16:39:12',	NULL),
(2885,	1129,	-18027,	-1,	'C50.9',	'Ca of breast, unspecified  (LEFT, 1995)',	'2021-08-27 13:59:13',	NULL,	'2023-01-12 16:39:12',	NULL),
(2886,	1129,	-29631,	-1,	'C50.9',	'Ca of breast, unspecified  (MUCINOUS)',	'2021-08-27 13:59:13',	NULL,	'2023-01-12 16:39:12',	NULL),
(2887,	1129,	-29314,	-1,	'C50.9',	'Ca of breast, unspecified  (PAPILLARY)',	'2021-08-27 13:59:13',	NULL,	'2023-01-12 16:39:12',	NULL),
(2888,	1129,	-18159,	-1,	'C50.9',	'Ca of breast, unspecified  (Right)',	'2021-08-27 13:59:13',	NULL,	'2023-01-12 16:39:12',	NULL),
(2889,	1129,	-13766,	-1,	'C50.9',	'Ca of breast, unspecified  (RIGHT)',	'2021-08-27 13:59:13',	NULL,	'2023-01-12 16:39:12',	NULL),
(2890,	1129,	-29081,	-1,	'C50.9',	'Ca of breast, unspecified - LEFT',	'2021-08-27 13:59:13',	NULL,	'2023-01-12 16:39:12',	NULL),
(2891,	1129,	-30540,	-1,	'C50.9',	'Ca of breast, unspecified - LEFT BREAST',	'2021-08-27 13:59:13',	NULL,	'2023-01-12 16:39:12',	NULL),
(2892,	1129,	-14881,	-1,	'C50.9',	'Ca of breast, unspecified  (left)',	'2021-08-27 13:59:13',	NULL,	'2023-01-12 16:39:12',	NULL),
(2893,	1129,	-16139,	-1,	'C50.9',	'Ca of breast, unspecified  (2005, lt)',	'2021-08-27 13:59:13',	NULL,	'2023-01-12 16:39:12',	NULL),
(2894,	1129,	-7129,	-1,	'C50.9',	'Breast, NOS excludes Skin of breast C44.5  (RIGHT)',	'2021-08-27 13:59:13',	NULL,	'2023-01-12 16:39:12',	NULL),
(2895,	1129,	-8340,	-1,	'C50.9',	'Ca of breast, unspecified',	'2021-08-27 13:59:13',	NULL,	'2023-01-12 16:39:12',	NULL),
(2896,	1129,	-19340,	-1,	'C50.9',	'Ca of breast, unspecified      LT BREAST',	'2021-08-27 13:59:13',	NULL,	'2023-01-12 16:39:12',	NULL),
(2897,	1129,	-18194,	-1,	'C50.9',	'Ca of breast, unspecified      RT BREAST',	'2021-08-27 13:59:13',	NULL,	'2023-01-12 16:39:12',	NULL),
(2898,	1129,	-19576,	-1,	'C50.9',	'Ca of breast, unspecified   LT BREAST',	'2021-08-27 13:59:13',	NULL,	'2023-01-12 16:39:12',	NULL),
(2899,	1129,	-20220,	-1,	'C50.9',	'Ca of breast, unspecified   RT BREAST',	'2021-08-27 13:59:13',	NULL,	'2023-01-12 16:39:12',	NULL),
(2900,	1129,	-24270,	-1,	'C50.9',	'Ca of breast, unspecified - LT BREAST',	'2021-08-27 13:59:13',	NULL,	'2023-01-12 16:39:12',	NULL),
(2901,	1129,	-13787,	-1,	'C50.9',	'Ca of breast, unspecified - RIGHT',	'2021-08-27 13:59:13',	NULL,	'2023-01-12 16:39:12',	NULL),
(2902,	1129,	-30820,	-1,	'C50.9',	'Ca of breast, unspecified - RIGHT BREAST',	'2021-08-27 13:59:13',	NULL,	'2023-01-12 16:39:12',	NULL),
(2903,	1129,	-10585,	-1,	'C50.9',	'Ca of breast, unspecified (2006)',	'2021-08-27 13:59:13',	NULL,	'2023-01-12 16:39:12',	NULL),
(2904,	1129,	-12093,	-1,	'C50.9',	'Ca of breast, unspecified (2009, Left)',	'2021-08-27 13:59:13',	NULL,	'2023-01-12 16:39:12',	NULL),
(2905,	1129,	-12094,	-1,	'C50.9',	'Ca of breast, unspecified (2009, Right)',	'2021-08-27 13:59:13',	NULL,	'2023-01-12 16:39:12',	NULL),
(2906,	1129,	-12320,	-1,	'C50.9',	'Ca of breast, unspecified (2010)',	'2021-08-27 13:59:13',	NULL,	'2023-01-12 16:39:12',	NULL),
(2907,	1129,	-12051,	-1,	'C50.9',	'Ca of breast, unspecified (2010, Lt)',	'2021-08-27 13:59:13',	NULL,	'2023-01-12 16:39:12',	NULL),
(2908,	1129,	-14610,	-1,	'C50.9',	'Ca of breast, unspecified (2011 - Left)',	'2021-08-27 13:59:13',	NULL,	'2023-01-12 16:39:12',	NULL),
(2909,	1129,	-16217,	-1,	'C50.9',	'Ca of breast, unspecified (2012)',	'2021-08-27 13:59:13',	NULL,	'2023-01-12 16:39:12',	NULL),
(2910,	1129,	-22127,	-1,	'C50.9',	'Ca of breast, unspecified (2013, Left)',	'2021-08-27 13:59:13',	NULL,	'2023-01-12 16:39:12',	NULL),
(2911,	1129,	-22122,	-1,	'C50.9',	'Ca of breast, unspecified (2013, Right)',	'2021-08-27 13:59:13',	NULL,	'2023-01-12 16:39:12',	NULL),
(2912,	1129,	-12319,	-1,	'C50.9',	'Ca of breast, unspecified (2005)',	'2021-08-27 13:59:13',	NULL,	'2023-01-12 16:39:12',	NULL),
(2913,	1129,	-16571,	-1,	'C50.9',	'Ca of breast, unspecified (2004)',	'2021-08-27 13:59:13',	NULL,	'2023-01-12 16:39:12',	NULL),
(2914,	1129,	-13921,	-1,	'C50.9',	'Ca of breast, unspecified (2003, LT)',	'2021-08-27 13:59:13',	NULL,	'2023-01-12 16:39:12',	NULL),
(2915,	1129,	-32559,	-1,	'C50.9',	'Ca of breast, unspecified - RT',	'2021-08-27 13:59:13',	NULL,	'2023-01-12 16:39:12',	NULL),
(2916,	1129,	-21740,	-1,	'C50.9',	'Ca of breast, unspecified  RT BREAST',	'2021-08-27 13:59:13',	NULL,	'2023-01-12 16:39:12',	NULL),
(2917,	1129,	-32670,	-1,	'C50.9',	'Ca of breast, unspecified - RT BREAST',	'2021-08-27 13:59:13',	NULL,	'2023-01-12 16:39:12',	NULL),
(2918,	1129,	-12077,	-1,	'C50.9',	'Ca of breast, unspecified ( Lt)',	'2021-08-27 13:59:13',	NULL,	'2023-01-12 16:39:12',	NULL),
(2919,	1129,	-10588,	-1,	'C50.9',	'Ca of breast, unspecified ( Right)',	'2021-08-27 13:59:13',	NULL,	'2023-01-12 16:39:12',	NULL),
(2920,	1129,	-16137,	-1,	'C50.9',	'Ca of breast, unspecified (1999, rt)',	'2021-08-27 13:59:13',	NULL,	'2023-01-12 16:39:12',	NULL),
(2921,	1129,	-15490,	-1,	'C50.9',	'Ca of breast, unspecified (2000)',	'2021-08-27 13:59:13',	NULL,	'2023-01-12 16:39:12',	NULL),
(2922,	1129,	-12052,	-1,	'C50.9',	'Ca of breast, unspecified (2001, Rt)',	'2021-08-27 13:59:13',	NULL,	'2023-01-12 16:39:12',	NULL),
(2923,	1129,	-14456,	-1,	'C50.9',	'Ca of breast, unspecified (2003- Right)',	'2021-08-27 13:59:13',	NULL,	'2023-01-12 16:39:12',	NULL),
(2924,	1129,	-4668,	-1,	'C50.90',	'Breast, NOS excludes Skin of breast C44.5',	'2021-08-27 13:59:13',	NULL,	'2023-01-12 16:39:12',	NULL),
(2925,	1129,	-1044,	-1,	'C50.9a',	'Breast, NOS excludes Skin of breast C44.5',	'2021-08-27 13:59:13',	NULL,	'2023-01-12 16:39:12',	NULL),
(2926,	1129,	-7832,	-1,	'C50.9b',	'Breast, NOS excludes Skin of breast C44.5',	'2021-08-27 13:59:13',	NULL,	'2023-01-12 16:39:12',	NULL),
(2927,	1129,	-2390,	-1,	'C50.9p',	'Breast, NOS excludes Skin of breast C44.5',	'2021-08-27 13:59:13',	NULL,	'2023-01-12 16:39:12',	NULL),
(2928,	1129,	-2100,	-1,	'C50.9r',	'Breast, NOS excludes Skin of breast C44.5',	'2021-08-27 13:59:13',	NULL,	'2023-01-12 16:39:12',	NULL),
(2929,	1129,	-17951,	-1,	'Carcinoma in sit',	'Carcinoma in situ of breast, unspecified',	'2021-08-27 13:59:13',	NULL,	'2023-01-12 16:39:12',	NULL),
(2930,	1129,	-18968,	-1,	'D05.0',	'Lobular carcinoma in situ',	'2021-08-27 13:59:13',	NULL,	'2023-01-12 16:39:12',	NULL),
(2931,	1129,	-9612,	-1,	'D05.1',	'Intraductal carcinoma in situ (reccurence)',	'2021-08-27 13:59:13',	NULL,	'2023-01-12 16:39:12',	NULL),
(2932,	1129,	-8707,	-1,	'D05.1',	'Intraductal carcinoma in situ (right)',	'2021-08-27 13:59:13',	NULL,	'2023-01-12 16:39:12',	NULL),
(2933,	1129,	-13777,	-1,	'D05.1',	'Intraductal carcinoma in situ (Rt)',	'2021-08-27 13:59:13',	NULL,	'2023-01-12 16:39:12',	NULL),
(2934,	1129,	-10384,	-1,	'D05.1',	'Intraductal carcinoma in situ (Left)',	'2021-08-27 13:59:13',	NULL,	'2023-01-12 16:39:12',	NULL),
(2935,	1129,	-8708,	-1,	'D05.1',	'Intraductal carcinoma in situ (left)',	'2021-08-27 13:59:13',	NULL,	'2023-01-12 16:39:12',	NULL),
(2936,	1129,	-12031,	-1,	'D05.1',	'Intraductal carcinoma in situ (2005, Rt)',	'2021-08-27 13:59:13',	NULL,	'2023-01-12 16:39:12',	NULL),
(2937,	1129,	-12469,	-1,	'D05.1',	'Intraductal carcinoma in situ - LEFT',	'2021-08-27 13:59:13',	NULL,	'2023-01-12 16:39:12',	NULL),
(2938,	1129,	-29523,	-1,	'D05.1',	'Intraductal carcinoma in situ  (LEFT)',	'2021-08-27 13:59:13',	NULL,	'2023-01-12 16:39:12',	NULL),
(2939,	1129,	-8518,	-1,	'D05.1',	'Intraductal carcinoma in situ',	'2021-08-27 13:59:13',	NULL,	'2023-01-12 16:39:12',	NULL),
(2940,	1129,	-28809,	-1,	'D05.7',	'Other carcinoma in situ of breast (RIGHT)',	'2021-08-27 13:59:13',	NULL,	'2023-01-12 16:39:12',	NULL),
(2941,	1129,	-38375,	-1,	'D05.7',	'Other carcinoma in situ of breast (LEFT)',	'2021-08-27 13:59:13',	NULL,	'2023-01-12 16:39:12',	NULL),
(2942,	1129,	-29197,	-1,	'D05.7',	'Other carcinoma in situ of breast  (LEFT)',	'2021-08-27 13:59:13',	NULL,	'2023-01-12 16:39:12',	NULL),
(2943,	1129,	-8372,	-1,	'D05.7',	'Other carcinoma in situ of breast',	'2021-08-27 13:59:13',	NULL,	'2023-01-12 16:39:12',	NULL),
(2944,	1129,	-22398,	-1,	'D05.9',	'Carcinoma in situ of breast, unspecified (Lt, 2007)',	'2021-08-27 13:59:13',	NULL,	'2023-01-12 16:39:12',	NULL),
(2945,	1129,	-12017,	-1,	'D05.9',	'Carcinoma in situ of breast, unspecified (Right)',	'2021-08-27 13:59:13',	NULL,	'2023-01-12 16:39:12',	NULL),
(2946,	1129,	-30948,	-1,	'D05.9',	'Carcinoma in situ of breast, unspecified (RIGHT)',	'2021-08-27 13:59:13',	NULL,	'2023-01-12 16:39:12',	NULL),
(2947,	1129,	-20086,	-1,	'D05.9',	'Carcinoma in situ of breast, unspecified (Right, 2013)',	'2021-08-27 13:59:13',	NULL,	'2023-01-12 16:39:12',	NULL),
(2948,	1129,	-23616,	-1,	'D05.9',	'Carcinoma in situ of breast, unspecified (Right, 2014)',	'2021-08-27 13:59:13',	NULL,	'2023-01-12 16:39:12',	NULL),
(2949,	1129,	-24317,	-1,	'D05.9',	'Carcinoma in situ of breast, unspecified LEFT',	'2021-08-27 13:59:13',	NULL,	'2023-01-12 16:39:12',	NULL),
(2950,	1129,	-24545,	-1,	'D05.9',	'Carcinoma in situ of breast, unspecified RIGHT',	'2021-08-27 13:59:13',	NULL,	'2023-01-12 16:39:12',	NULL),
(2951,	1129,	-19631,	-1,	'D05.9',	'Carcinoma in situ of breast, unspecified (Lt, 2002)',	'2021-08-27 13:59:13',	NULL,	'2023-01-12 16:39:12',	NULL),
(2952,	1129,	-18364,	-1,	'D05.9',	'Carcinoma in situ of breast, unspecified (Left, 2004)',	'2021-08-27 13:59:13',	NULL,	'2023-01-12 16:39:12',	NULL),
(2953,	1129,	-18146,	-1,	'D05.9',	'Carcinoma in situ of breast, unspecified (Left)',	'2021-08-27 13:59:13',	NULL,	'2023-01-12 16:39:12',	NULL),
(2954,	1129,	-11894,	-1,	'D05.9',	'Carcinoma in situ of breast, unspecified - RT BREAST',	'2021-08-27 13:59:13',	NULL,	'2023-01-12 16:39:12',	NULL),
(2955,	1129,	-21313,	-1,	'D05.9',	'Carcinoma in situ of breast, unspecified  RT BREAST',	'2021-08-27 13:59:13',	NULL,	'2023-01-12 16:39:12',	NULL),
(2956,	1129,	-21312,	-1,	'D05.9',	'Carcinoma in situ of breast, unspecified  LT BREAST',	'2021-08-27 13:59:13',	NULL,	'2023-01-12 16:39:12',	NULL),
(2957,	1129,	-31458,	-1,	'D05.9',	'Carcinoma in situ of breast, unspecified - LEFT',	'2021-08-27 13:59:13',	NULL,	'2023-01-12 16:39:12',	NULL),
(2958,	1129,	-8344,	-1,	'D05.9',	'Carcinoma in situ of breast, unspecified',	'2021-08-27 13:59:13',	NULL,	'2023-01-12 16:39:12',	NULL),
(2959,	1129,	-11187,	-1,	'D24',	'Benign neoplasm of breast',	'2021-08-27 13:59:13',	NULL,	'2023-01-12 16:39:12',	NULL),
(2960,	1129,	-11430,	-1,	'inflammatory bre',	'Ca of upper-outer quadrant of breast',	'2021-08-27 13:59:13',	NULL,	'2023-01-12 16:39:12',	NULL),
(2961,	1129,	-9106,	-1,	'T1c N0 (0/6)M0',	'Ca of breast, unspecified',	'2021-08-27 13:59:13',	NULL,	'2023-01-12 16:39:12',	NULL),
(2964,  1162,   1540,   -1, 'G95.2',    'Cord compression, unspecified', '2025-02-28 09:09:15',	NULL,	'2025-02-28 09:09:15',	NULL),
(2965,  1162,   1757,    -1, 'G95.89',   'Other specified diseases of spinal cord', '2025-02-28 09:09:15',	NULL,	'2025-02-28 09:09:15', NULL),
(2966,  1162,   1760,    -1, 'G95.0',    'Syringomyelia and syringobulbia', '2025-02-28 09:09:15',	NULL,	'2025-02-28 09:09:15',	NULL),
(2970, 1163, 1759, -1, 'G20.B2', 'Parkinson\'s disease with dyskinesia, with fluctuations', '2025-03-06 14:25:03', NULL, '2025-03-06 14:25:03', NULL),
(2971, 1163, 1763, -1, 'G20.A2', 'Parkinson`s disease without dyskinesia, with fluctuations', '2025-03-06 14:25:03', NULL, '2025-03-06 14:25:03', NULL),
(2972, 1129, 1761, -1, 'C50.112', 'Malignant neoplasm of central portion of left female breast', '2025-03-11 12:53:44', NULL, '2025-03-11 12:53:44', NULL),
(2973, 1129, 1764, -1, 'C50.111', 'Malignant neoplasm of central portion of right female breast', '2025-03-11 12:53:44', NULL, '2025-03-11 12:53:44', NULL),
(2974, 1164, 1765, -1, 'B20.', 'Human immunodeficiency virus [HIV] disease', '2025-04-24 10:35:48', NULL, '2025-04-24 10:35:48', NULL),
(2975, 1165, 1766, -1, 'B18.2', 'Chronic viral hepatitis C', '2025-04-24 10:38:36', NULL, '2025-04-24 10:38:36', NULL),
(2976, 1166, 1768, -1, 'I82.622', 'Acute embolism and thrombosis of deep veins of left upper extremity', '2025-04-24 10:40:19', NULL, '2025-04-24 10:40:19', NULL),
(2977, 1167, 1769, -1, 'S88.912D', 'Complete traumatic amputation of left lower leg, level unspecified, subsequent encounter', '2025-05-05 10:55:33', NULL, '2025-05-05 10:55:33', NULL),
(2978, 1168, 1772, -1, 'I10.', 'HTN', '2025-05-05 11:13:40', NULL, '2025-05-05 11:13:40', NULL),
(2979, 1169, 1771, -1, 'I82.512', 'Thrombosis of vein of leg (disorder)', '2025-05-05 11:18:10', NULL, '2025-05-05 11:18:10', NULL);
