-- SPDX-FileCopyrightText: Copyright (C) 2023 Opal Health Informatics Group at the Research Institute of the McGill University Health Centre <john.kildea@mcgill.ca>
--
-- SPDX-License-Identifier: AGPL-3.0-or-later
-- TODO clean up data for deleted patientIds (see db_management/questionnairedb/data/test/omi/patients.sql)

INSERT INTO `answerQuestionnaire` (`ID`, `questionnaireId`, `patientId`, `status`, `deleted`, `deletedBy`, `creationDate`, `createdBy`, `lastUpdated`, `updatedBy`, `respondentUsername`, `respondentDisplayName`, `completedDate`) VALUES
-- esas-r for rory
(209, 188, 10, 2, 0, '', '2000-01-01 00:00:00', 'QUESTIONNAIRE_V2_AUTO_SYNC', '2025-07-07 14:00:21', '10_APP_2.2.6', 'mouj1pqpXrYCl994oSm5wtJT3In2', "Rory O'Brien", '2025-07-07 14:00:21'),
(225, 18, 9, 2, 0, '', '2018-02-24 20:36:29', 'QUESTIONNAIRE_MIGRATION_2019', '2025-07-07 12:39:02', 'QUESTIONNAIRE_MIGRATION_2019', 'a51fba18-3810-4808-9238-4d0e487785c8', 'Laurie Opal', '2018-02-24 20:36:29'),
(297, 18, 9, 2, 0, '', '2018-05-10 13:40:10', 'QUESTIONNAIRE_MIGRATION_2019', '2025-07-07 12:39:02', 'QUESTIONNAIRE_MIGRATION_2019', 'a51fba18-3810-4808-9238-4d0e487785c8', 'Laurie Opal', '2018-05-10 13:40:10'),
(301, 12, 9, 2, 0, '', '2018-05-16 14:26:47', 'QUESTIONNAIRE_MIGRATION_2019', '2025-07-07 12:39:02', 'QUESTIONNAIRE_MIGRATION_2019', 'a51fba18-3810-4808-9238-4d0e487785c8', 'Laurie Opal', '2018-05-16 14:26:47'),
(302, 12, 9, 2, 0, '', '2018-05-16 14:27:50', 'QUESTIONNAIRE_MIGRATION_2019', '2025-07-07 12:39:02', 'QUESTIONNAIRE_MIGRATION_2019', 'a51fba18-3810-4808-9238-4d0e487785c8', 'Laurie Opal', '2018-05-16 14:27:50'),
(334, 18, 9, 2, 0, '', '2018-10-18 13:44:45', 'QUESTIONNAIRE_MIGRATION_2019', '2025-07-07 12:39:02', 'QUESTIONNAIRE_MIGRATION_2019', 'a51fba18-3810-4808-9238-4d0e487785c8', 'Laurie Opal', '2018-10-18 13:44:45'),
(343, 12, 9, 2, 0, '', '2018-11-15 15:38:10', 'QUESTIONNAIRE_MIGRATION_2019', '2025-07-07 12:39:02', 'QUESTIONNAIRE_MIGRATION_2019', 'a51fba18-3810-4808-9238-4d0e487785c8', 'Laurie Opal', '2018-11-15 15:38:10'),
(366, 18, 9, 2, 0, '', '2018-12-04 11:54:01', 'QUESTIONNAIRE_MIGRATION_2019', '2025-07-07 12:39:02', 'QUESTIONNAIRE_MIGRATION_2019', 'a51fba18-3810-4808-9238-4d0e487785c8', 'Laurie Opal', '2018-12-04 11:54:01'),
(421, 12, 9, 2, 0, '', '2019-04-04 18:39:55', 'QUESTIONNAIRE_MIGRATION_2019', '2025-07-07 12:39:02', 'QUESTIONNAIRE_MIGRATION_2019', 'a51fba18-3810-4808-9238-4d0e487785c8', 'Laurie Opal', '2019-04-04 18:39:55'),
(448, 12, 9, 2, 0, '', '2019-05-08 15:04:04', 'QUESTIONNAIRE_MIGRATION_2019', '2025-07-07 12:39:02', 'QUESTIONNAIRE_MIGRATION_2019', 'a51fba18-3810-4808-9238-4d0e487785c8', 'Laurie Opal', '2019-05-08 15:04:04'),
(842, 18, 9, 2, 0, '', '2019-10-31 14:52:16', 'QUESTIONNAIRE_MIGRATION_2019', '2025-07-07 12:39:02', 'QUESTIONNAIRE_MIGRATION_2019', 'a51fba18-3810-4808-9238-4d0e487785c8', 'Laurie Opal', '2019-10-31 14:52:16'),
(846, 26, 9, 2, 0, '', '2019-11-06 08:22:12', '9_APP_1.8.10', '2025-07-07 12:39:02', '9_APP_1.8.10', 'a51fba18-3810-4808-9238-4d0e487785c8', 'Laurie Opal', '2019-11-06 08:22:12'),
(973, 18, 9, 2, 0, '', '2020-01-16 13:30:23', '9_APP_1.8.10', '2025-07-07 12:39:02', '9_APP_1.8.10', 'a51fba18-3810-4808-9238-4d0e487785c8', 'Laurie Opal', '2020-01-16 13:30:23'),
(5367, 248, 10, 0, 0, '', '2025-07-05 12:23:27', 'QUESTIONNAIRE_V2_AUTO_SYNC', '2025-07-05 12:23:27', 'QUESTIONNAIRE_V2_AUTO_SYNC', '', '', NULL),
(5369, 188, 11, 2, 0, '', '2025-03-05 23:46:00', 'QUESTIONNAIRE_V2_AUTO_SYNC', '2025-06-19 20:17:59', '11_APP_2.2.6', 'hIMnEXkedPMxYnXeqNXzphklu4V2', 'John Smith', '2025-06-19 20:17:59'),
(5370, 248, 11, 0, 0, '', '2025-07-05 12:23:27', 'QUESTIONNAIRE_V2_AUTO_SYNC', '2025-07-05 12:23:27', 'QUESTIONNAIRE_V2_AUTO_SYNC', '', '', NULL),
(5371, 111, 11, 2, 0, '', '2025-06-30 12:23:27', 'QUESTIONNAIRE_V2_AUTO_SYNC', '2025-06-30 12:23:27', '11_APP_2.2.6', 'hIMnEXkedPMxYnXeqNXzphklu4V2', 'John Smith', '2025-06-30 12:23:27'),
(5372, 188, 12, 2, 0, '', '2025-03-07 10:06:00', 'QUESTIONNAIRE_V2_AUTO_SYNC', '2025-06-19 20:19:39', '12_APP_2.2.6', '2WhxeTpYF8aHlfSQX8oGeq4LFhw2', 'Richard Smith', '2025-06-19 20:19:39'),
(5373, 248, 13, 0, 0, '', '2025-07-05 12:23:27', 'QUESTIONNAIRE_V2_AUTO_SYNC', '2025-07-05 12:23:27', 'QUESTIONNAIRE_V2_AUTO_SYNC', '', '', NULL),
(5374, 111, 14, 2, 0, '', '2025-06-30 12:23:27', 'QUESTIONNAIRE_V2_AUTO_SYNC', '2025-06-30 12:23:27', '14_APP_2.2.6', 'dcBSK5qdoiOM2L9cEdShkqOadkG3', 'Valerie Solanas', '2025-06-30 12:23:27'),
(5375, 188, 14, 2, 0, '', '2019-01-10 10:35:15', 'QUESTIONNAIRE_V2_AUTO_SYNC', '2025-06-19 18:21:30', '14_APP_2.2.6', 'dcBSK5qdoiOM2L9cEdShkqOadkG3', 'Valerie Solanas', '2025-06-19 18:21:30'),
(5376, 139, 14, 2, 0, '', '2025-02-03 10:35:16', 'QUESTIONNAIRE_V2_AUTO_SYNC', '2025-06-19 18:32:53', '14_APP_2.2.6', 'dcBSK5qdoiOM2L9cEdShkqOadkG3', 'Valerie Solanas', '2025-06-19 18:32:53'),
(5377, 188, 14, 2, 0, '', '2019-01-17 14:30:00', 'QUESTIONNAIRE_V2_AUTO_SYNC', '2025-06-19 18:22:31', '14_APP_2.2.6', 'dcBSK5qdoiOM2L9cEdShkqOadkG3', 'Valerie Solanas', '2025-06-19 18:22:31'),
(5378, 188, 14, 2, 0, '', '2025-02-03 14:32:00', 'QUESTIONNAIRE_V2_AUTO_SYNC', '2025-06-19 18:23:00', '14_APP_2.2.6', 'dcBSK5qdoiOM2L9cEdShkqOadkG3', 'Valerie Solanas', '2025-06-19 18:23:00'),
(5379, 248, 14, 0, 0, '', '2025-07-05 12:23:27', 'QUESTIONNAIRE_V2_AUTO_SYNC', '2025-07-05 12:23:27', 'QUESTIONNAIRE_V2_AUTO_SYNC', '', '', NULL),
(5380, 248, 15, 0, 0, '', '2025-07-05 12:23:27', 'QUESTIONNAIRE_V2_AUTO_SYNC', '2025-07-05 12:23:27', 'QUESTIONNAIRE_V2_AUTO_SYNC', '', '', NULL),
(5381, 188, 15, 2, 0, '', '2025-02-15 15:38:00', 'QUESTIONNAIRE_V2_AUTO_SYNC', '2025-06-19 19:02:42', '15_APP_2.2.6', '9kmS7qYQX8arnFFs4ZYJk1tqLFw1', 'Pete Boyd', '2025-06-19 19:02:42'),
(5382, 139, 15, 2, 0, '', '2025-05-07 11:42:00', 'QUESTIONNAIRE_V2_AUTO_SYNC', '2025-06-19 19:01:34', '15_APP_2.2.6', '9kmS7qYQX8arnFFs4ZYJk1tqLFw1', 'Pete Boyd', '2025-06-19 19:01:34'),
(5383, 111, 15, 2, 0, '', '2025-06-30 12:23:27', 'QUESTIONNAIRE_V2_AUTO_SYNC', '2025-06-30 12:23:27', '15_APP_2.2.6', '9kmS7qYQX8arnFFs4ZYJk1tqLFw1', 'Pete Boyd', '2025-06-30 12:23:27'),
(5384, 248, 16, 0, 0, '', '2025-07-05 12:23:27', 'QUESTIONNAIRE_V2_AUTO_SYNC', '2025-07-05 12:23:27', 'QUESTIONNAIRE_V2_AUTO_SYNC', '', '', NULL),
(5385, 188, 16, 2, 0, '', '2025-04-25 15:38:07', 'QUESTIONNAIRE_V2_AUTO_SYNC', '2025-06-19 18:48:15', '16_APP_2.2.6', '2grqcCoyPlVucfAPD4NM1SuCk3i1', 'Martin Curley', '2025-06-19 18:48:15'),
(5386, 139, 16, 2, 0, '', '2025-05-06 11:42:02', 'QUESTIONNAIRE_V2_AUTO_SYNC', '2025-06-19 18:57:06', '16_APP_2.2.6', '2grqcCoyPlVucfAPD4NM1SuCk3i1', 'Martin Curley', '2025-06-19 18:57:06'),
(5387, 111, 16, 2, 0, '', '2025-06-30 12:23:27', 'QUESTIONNAIRE_V2_AUTO_SYNC', '2025-06-30 12:23:27', '16_APP_2.2.6', '2grqcCoyPlVucfAPD4NM1SuCk3i1', 'Martin Curley', '2025-06-30 12:23:27'),
(5388, 248, 17, 0, 0, '', '2025-07-05 12:23:27', 'QUESTIONNAIRE_V2_AUTO_SYNC', '2025-07-05 12:23:27', 'QUESTIONNAIRE_V2_AUTO_SYNC', '', '', NULL),
(5389, 248, 18, 0, 0, '', '2025-07-05 12:23:27', 'QUESTIONNAIRE_V2_AUTO_SYNC', '2025-07-05 12:23:27', 'QUESTIONNAIRE_V2_AUTO_SYNC', '', '', NULL),
(5390, 111, 18, 2, 0, '', '2025-06-30 12:23:27', 'QUESTIONNAIRE_V2_AUTO_SYNC', '2025-06-30 12:23:27', '18_APP_2.2.6', 'hSJdAae7xWNwnemd2YypQSVfoOb2', 'Mike Brown', '2025-06-30 12:23:27'),
(5399, 248, 12, 0, 0, '', '2025-07-05 12:23:27', 'QUESTIONNAIRE_V2_AUTO_SYNC', '2025-07-05 12:23:27', 'QUESTIONNAIRE_V2_AUTO_SYNC', '', '', NULL);

INSERT INTO `answerSection` (`ID`, `answerQuestionnaireId`, `sectionId`) VALUES
(193, 225, 18),
(197, 297, 18),
(199, 301, 12),
(200, 302, 12),
(210, 334, 18),
(211, 343, 12),
(214, 366, 18),
(215, 421, 12),
(216, 448, 12),
(220, 842, 18),
(689, 846, 26),
(816, 973, 18),
(3979, 5375, 138),
(3980, 5377, 138),
(3981, 5378, 138),
(3982, 5376, 89),
(3983, 5374, 61),
(3984, 5385, 138),
(3985, 5386, 89),
(3986, 5387, 61),
(3987, 5383, 61),
(3988, 5382, 89),
(3989, 5381, 138),
(3990, 5390, 61),
(3991, 5371, 61),
(3992, 5369, 138),
(3993, 5372, 138),
(3994, 209, 138);

-- TODO clean up data for deleted patientIds (see db_management/questionnairedb/data/test/omi/patients.sql)
INSERT INTO `answer` (`ID`, `questionnaireId`, `sectionId`, `questionId`, `typeId`, `answerSectionId`, `languageId`, `patientId`, `answered`, `skipped`, `deleted`, `deletedBy`, `creationDate`, `createdBy`, `lastUpdated`, `updatedBy`) VALUES
(1282, 18, 18, 842, 2, 193, -1, 9, 1, 0, 0, '', '2018-02-24 20:36:29', 'QUESTIONNAIRE_MIGRATION_2019', '2018-02-24 20:36:29', 'QUESTIONNAIRE_MIGRATION_2019'),
(1283, 18, 18, 843, 2, 193, -1, 9, 1, 0, 0, '', '2018-02-24 20:36:29', 'QUESTIONNAIRE_MIGRATION_2019', '2018-02-24 20:36:29', 'QUESTIONNAIRE_MIGRATION_2019'),
(1284, 18, 18, 844, 2, 193, -1, 9, 1, 0, 0, '', '2018-02-24 20:36:29', 'QUESTIONNAIRE_MIGRATION_2019', '2018-02-24 20:36:29', 'QUESTIONNAIRE_MIGRATION_2019'),
(1285, 18, 18, 845, 2, 193, -1, 9, 1, 0, 0, '', '2018-02-24 20:36:29', 'QUESTIONNAIRE_MIGRATION_2019', '2018-02-24 20:36:29', 'QUESTIONNAIRE_MIGRATION_2019'),
(1286, 18, 18, 846, 2, 193, -1, 9, 1, 0, 0, '', '2018-02-24 20:36:29', 'QUESTIONNAIRE_MIGRATION_2019', '2018-02-24 20:36:29', 'QUESTIONNAIRE_MIGRATION_2019'),
(1287, 18, 18, 847, 2, 193, -1, 9, 1, 0, 0, '', '2018-02-24 20:36:29', 'QUESTIONNAIRE_MIGRATION_2019', '2018-02-24 20:36:29', 'QUESTIONNAIRE_MIGRATION_2019'),
(1288, 18, 18, 848, 2, 193, -1, 9, 1, 0, 0, '', '2018-02-24 20:36:30', 'QUESTIONNAIRE_MIGRATION_2019', '2018-02-24 20:36:30', 'QUESTIONNAIRE_MIGRATION_2019'),
(1289, 18, 18, 849, 2, 193, -1, 9, 1, 0, 0, '', '2018-02-24 20:36:30', 'QUESTIONNAIRE_MIGRATION_2019', '2018-02-24 20:36:30', 'QUESTIONNAIRE_MIGRATION_2019'),
(1290, 18, 18, 850, 2, 193, -1, 9, 1, 0, 0, '', '2018-02-24 20:36:30', 'QUESTIONNAIRE_MIGRATION_2019', '2018-02-24 20:36:30', 'QUESTIONNAIRE_MIGRATION_2019'),
(1291, 18, 18, 851, 2, 193, -1, 9, 1, 0, 0, '', '2018-02-24 20:36:30', 'QUESTIONNAIRE_MIGRATION_2019', '2018-02-24 20:36:30', 'QUESTIONNAIRE_MIGRATION_2019'),
(1292, 18, 18, 852, 2, 193, -1, 9, 1, 0, 0, '', '2018-02-24 20:36:30', 'QUESTIONNAIRE_MIGRATION_2019', '2018-02-24 20:36:30', 'QUESTIONNAIRE_MIGRATION_2019'),
(1312, 18, 18, 842, 2, 197, -1, 9, 1, 0, 0, '', '2018-05-10 13:40:10', 'QUESTIONNAIRE_MIGRATION_2019', '2018-05-10 13:40:10', 'QUESTIONNAIRE_MIGRATION_2019'),
(1313, 18, 18, 843, 2, 197, -1, 9, 1, 0, 0, '', '2018-05-10 13:40:10', 'QUESTIONNAIRE_MIGRATION_2019', '2018-05-10 13:40:10', 'QUESTIONNAIRE_MIGRATION_2019'),
(1314, 18, 18, 844, 2, 197, -1, 9, 1, 0, 0, '', '2018-05-10 13:40:10', 'QUESTIONNAIRE_MIGRATION_2019', '2018-05-10 13:40:10', 'QUESTIONNAIRE_MIGRATION_2019'),
(1315, 18, 18, 845, 2, 197, -1, 9, 1, 0, 0, '', '2018-05-10 13:40:10', 'QUESTIONNAIRE_MIGRATION_2019', '2018-05-10 13:40:10', 'QUESTIONNAIRE_MIGRATION_2019'),
(1316, 18, 18, 846, 2, 197, -1, 9, 1, 0, 0, '', '2018-05-10 13:40:10', 'QUESTIONNAIRE_MIGRATION_2019', '2018-05-10 13:40:10', 'QUESTIONNAIRE_MIGRATION_2019'),
(1317, 18, 18, 847, 2, 197, -1, 9, 1, 0, 0, '', '2018-05-10 13:40:10', 'QUESTIONNAIRE_MIGRATION_2019', '2018-05-10 13:40:10', 'QUESTIONNAIRE_MIGRATION_2019'),
(1318, 18, 18, 848, 2, 197, -1, 9, 1, 0, 0, '', '2018-05-10 13:40:10', 'QUESTIONNAIRE_MIGRATION_2019', '2018-05-10 13:40:10', 'QUESTIONNAIRE_MIGRATION_2019'),
(1319, 18, 18, 849, 2, 197, -1, 9, 1, 0, 0, '', '2018-05-10 13:40:10', 'QUESTIONNAIRE_MIGRATION_2019', '2018-05-10 13:40:10', 'QUESTIONNAIRE_MIGRATION_2019'),
(1320, 18, 18, 850, 2, 197, -1, 9, 1, 0, 0, '', '2018-05-10 13:40:10', 'QUESTIONNAIRE_MIGRATION_2019', '2018-05-10 13:40:10', 'QUESTIONNAIRE_MIGRATION_2019'),
(1321, 18, 18, 851, 2, 197, -1, 9, 1, 0, 0, '', '2018-05-10 13:40:10', 'QUESTIONNAIRE_MIGRATION_2019', '2018-05-10 13:40:10', 'QUESTIONNAIRE_MIGRATION_2019'),
(1322, 18, 18, 852, 2, 197, -1, 9, 1, 0, 0, '', '2018-05-10 13:40:10', 'QUESTIONNAIRE_MIGRATION_2019', '2018-05-10 13:40:10', 'QUESTIONNAIRE_MIGRATION_2019'),
(1330, 12, 12, 794, 2, 199, -1, 9, 1, 0, 0, '', '2018-05-16 14:26:47', 'QUESTIONNAIRE_MIGRATION_2019', '2018-05-16 14:26:47', 'QUESTIONNAIRE_MIGRATION_2019'),
(1331, 12, 12, 795, 2, 199, -1, 9, 1, 0, 0, '', '2018-05-16 14:26:47', 'QUESTIONNAIRE_MIGRATION_2019', '2018-05-16 14:26:47', 'QUESTIONNAIRE_MIGRATION_2019'),
(1332, 12, 12, 791, 2, 199, -1, 9, 1, 0, 0, '', '2018-05-16 14:26:47', 'QUESTIONNAIRE_MIGRATION_2019', '2018-05-16 14:26:47', 'QUESTIONNAIRE_MIGRATION_2019'),
(1333, 12, 12, 796, 2, 199, -1, 9, 1, 0, 0, '', '2018-05-16 14:26:47', 'QUESTIONNAIRE_MIGRATION_2019', '2018-05-16 14:26:47', 'QUESTIONNAIRE_MIGRATION_2019'),
(1335, 12, 12, 799, 2, 199, -1, 9, 1, 0, 0, '', '2018-05-16 14:26:47', 'QUESTIONNAIRE_MIGRATION_2019', '2018-05-16 14:26:47', 'QUESTIONNAIRE_MIGRATION_2019'),
(1336, 12, 12, 797, 2, 199, -1, 9, 1, 0, 0, '', '2018-05-16 14:26:47', 'QUESTIONNAIRE_MIGRATION_2019', '2018-05-16 14:26:47', 'QUESTIONNAIRE_MIGRATION_2019'),
(1337, 12, 12, 798, 2, 199, -1, 9, 1, 0, 0, '', '2018-05-16 14:26:47', 'QUESTIONNAIRE_MIGRATION_2019', '2018-05-16 14:26:47', 'QUESTIONNAIRE_MIGRATION_2019'),
(1339, 12, 12, 794, 2, 200, -1, 9, 1, 0, 0, '', '2018-05-16 14:27:50', 'QUESTIONNAIRE_MIGRATION_2019', '2018-05-16 14:27:50', 'QUESTIONNAIRE_MIGRATION_2019'),
(1340, 12, 12, 795, 2, 200, -1, 9, 1, 0, 0, '', '2018-05-16 14:27:50', 'QUESTIONNAIRE_MIGRATION_2019', '2018-05-16 14:27:50', 'QUESTIONNAIRE_MIGRATION_2019'),
(1341, 12, 12, 791, 2, 200, -1, 9, 1, 0, 0, '', '2018-05-16 14:27:50', 'QUESTIONNAIRE_MIGRATION_2019', '2018-05-16 14:27:50', 'QUESTIONNAIRE_MIGRATION_2019'),
(1342, 12, 12, 796, 2, 200, -1, 9, 1, 0, 0, '', '2018-05-16 14:27:50', 'QUESTIONNAIRE_MIGRATION_2019', '2018-05-16 14:27:50', 'QUESTIONNAIRE_MIGRATION_2019'),
(1344, 12, 12, 799, 2, 200, -1, 9, 1, 0, 0, '', '2018-05-16 14:27:50', 'QUESTIONNAIRE_MIGRATION_2019', '2018-05-16 14:27:50', 'QUESTIONNAIRE_MIGRATION_2019'),
(1345, 12, 12, 797, 2, 200, -1, 9, 1, 0, 0, '', '2018-05-16 14:27:50', 'QUESTIONNAIRE_MIGRATION_2019', '2018-05-16 14:27:50', 'QUESTIONNAIRE_MIGRATION_2019'),
(1346, 12, 12, 798, 2, 200, -1, 9, 1, 0, 0, '', '2018-05-16 14:27:50', 'QUESTIONNAIRE_MIGRATION_2019', '2018-05-16 14:27:50', 'QUESTIONNAIRE_MIGRATION_2019'),
(1422, 18, 18, 842, 2, 210, -1, 9, 1, 0, 0, '', '2018-10-18 13:44:45', 'QUESTIONNAIRE_MIGRATION_2019', '2018-10-18 13:44:45', 'QUESTIONNAIRE_MIGRATION_2019'),
(1423, 18, 18, 843, 2, 210, -1, 9, 1, 0, 0, '', '2018-10-18 13:44:45', 'QUESTIONNAIRE_MIGRATION_2019', '2018-10-18 13:44:45', 'QUESTIONNAIRE_MIGRATION_2019'),
(1424, 18, 18, 844, 2, 210, -1, 9, 1, 0, 0, '', '2018-10-18 13:44:45', 'QUESTIONNAIRE_MIGRATION_2019', '2018-10-18 13:44:45', 'QUESTIONNAIRE_MIGRATION_2019'),
(1425, 18, 18, 845, 2, 210, -1, 9, 1, 0, 0, '', '2018-10-18 13:44:45', 'QUESTIONNAIRE_MIGRATION_2019', '2018-10-18 13:44:45', 'QUESTIONNAIRE_MIGRATION_2019'),
(1426, 18, 18, 846, 2, 210, -1, 9, 1, 0, 0, '', '2018-10-18 13:44:45', 'QUESTIONNAIRE_MIGRATION_2019', '2018-10-18 13:44:45', 'QUESTIONNAIRE_MIGRATION_2019'),
(1427, 18, 18, 847, 2, 210, -1, 9, 1, 0, 0, '', '2018-10-18 13:44:45', 'QUESTIONNAIRE_MIGRATION_2019', '2018-10-18 13:44:45', 'QUESTIONNAIRE_MIGRATION_2019'),
(1428, 18, 18, 848, 2, 210, -1, 9, 1, 0, 0, '', '2018-10-18 13:44:45', 'QUESTIONNAIRE_MIGRATION_2019', '2018-10-18 13:44:45', 'QUESTIONNAIRE_MIGRATION_2019'),
(1429, 18, 18, 849, 2, 210, -1, 9, 1, 0, 0, '', '2018-10-18 13:44:45', 'QUESTIONNAIRE_MIGRATION_2019', '2018-10-18 13:44:45', 'QUESTIONNAIRE_MIGRATION_2019'),
(1430, 18, 18, 850, 2, 210, -1, 9, 1, 0, 0, '', '2018-10-18 13:44:45', 'QUESTIONNAIRE_MIGRATION_2019', '2018-10-18 13:44:45', 'QUESTIONNAIRE_MIGRATION_2019'),
(1431, 18, 18, 851, 2, 210, -1, 9, 1, 0, 0, '', '2018-10-18 13:44:45', 'QUESTIONNAIRE_MIGRATION_2019', '2018-10-18 13:44:45', 'QUESTIONNAIRE_MIGRATION_2019'),
(1432, 18, 18, 852, 2, 210, -1, 9, 1, 0, 0, '', '2018-10-18 13:44:46', 'QUESTIONNAIRE_MIGRATION_2019', '2018-10-18 13:44:46', 'QUESTIONNAIRE_MIGRATION_2019'),
(1434, 12, 12, 794, 2, 211, -1, 9, 1, 0, 0, '', '2018-11-15 15:38:10', 'QUESTIONNAIRE_MIGRATION_2019', '2018-11-15 15:38:10', 'QUESTIONNAIRE_MIGRATION_2019'),
(1435, 12, 12, 795, 2, 211, -1, 9, 1, 0, 0, '', '2018-11-15 15:38:10', 'QUESTIONNAIRE_MIGRATION_2019', '2018-11-15 15:38:10', 'QUESTIONNAIRE_MIGRATION_2019'),
(1436, 12, 12, 791, 2, 211, -1, 9, 1, 0, 0, '', '2018-11-15 15:38:10', 'QUESTIONNAIRE_MIGRATION_2019', '2018-11-15 15:38:10', 'QUESTIONNAIRE_MIGRATION_2019'),
(1437, 12, 12, 796, 2, 211, -1, 9, 1, 0, 0, '', '2018-11-15 15:38:10', 'QUESTIONNAIRE_MIGRATION_2019', '2018-11-15 15:38:10', 'QUESTIONNAIRE_MIGRATION_2019'),
(1439, 12, 12, 799, 2, 211, -1, 9, 1, 0, 0, '', '2018-11-15 15:38:11', 'QUESTIONNAIRE_MIGRATION_2019', '2018-11-15 15:38:11', 'QUESTIONNAIRE_MIGRATION_2019'),
(1440, 12, 12, 797, 2, 211, -1, 9, 1, 0, 0, '', '2018-11-15 15:38:11', 'QUESTIONNAIRE_MIGRATION_2019', '2018-11-15 15:38:11', 'QUESTIONNAIRE_MIGRATION_2019'),
(1441, 12, 12, 798, 2, 211, -1, 9, 1, 0, 0, '', '2018-11-15 15:38:11', 'QUESTIONNAIRE_MIGRATION_2019', '2018-11-15 15:38:11', 'QUESTIONNAIRE_MIGRATION_2019'),
(1456, 18, 18, 842, 2, 214, -1, 9, 1, 0, 0, '', '2018-12-04 11:54:01', 'QUESTIONNAIRE_MIGRATION_2019', '2018-12-04 11:54:01', 'QUESTIONNAIRE_MIGRATION_2019'),
(1457, 18, 18, 843, 2, 214, -1, 9, 1, 0, 0, '', '2018-12-04 11:54:01', 'QUESTIONNAIRE_MIGRATION_2019', '2018-12-04 11:54:01', 'QUESTIONNAIRE_MIGRATION_2019'),
(1458, 18, 18, 844, 2, 214, -1, 9, 1, 0, 0, '', '2018-12-04 11:54:01', 'QUESTIONNAIRE_MIGRATION_2019', '2018-12-04 11:54:01', 'QUESTIONNAIRE_MIGRATION_2019'),
(1459, 18, 18, 845, 2, 214, -1, 9, 1, 0, 0, '', '2018-12-04 11:54:01', 'QUESTIONNAIRE_MIGRATION_2019', '2018-12-04 11:54:01', 'QUESTIONNAIRE_MIGRATION_2019'),
(1460, 18, 18, 846, 2, 214, -1, 9, 1, 0, 0, '', '2018-12-04 11:54:01', 'QUESTIONNAIRE_MIGRATION_2019', '2018-12-04 11:54:01', 'QUESTIONNAIRE_MIGRATION_2019'),
(1461, 18, 18, 847, 2, 214, -1, 9, 1, 0, 0, '', '2018-12-04 11:54:01', 'QUESTIONNAIRE_MIGRATION_2019', '2018-12-04 11:54:01', 'QUESTIONNAIRE_MIGRATION_2019'),
(1462, 18, 18, 848, 2, 214, -1, 9, 1, 0, 0, '', '2018-12-04 11:54:01', 'QUESTIONNAIRE_MIGRATION_2019', '2018-12-04 11:54:01', 'QUESTIONNAIRE_MIGRATION_2019'),
(1463, 18, 18, 849, 2, 214, -1, 9, 1, 0, 0, '', '2018-12-04 11:54:01', 'QUESTIONNAIRE_MIGRATION_2019', '2018-12-04 11:54:01', 'QUESTIONNAIRE_MIGRATION_2019'),
(1464, 18, 18, 850, 2, 214, -1, 9, 1, 0, 0, '', '2018-12-04 11:54:01', 'QUESTIONNAIRE_MIGRATION_2019', '2018-12-04 11:54:01', 'QUESTIONNAIRE_MIGRATION_2019'),
(1465, 18, 18, 851, 2, 214, -1, 9, 1, 0, 0, '', '2018-12-04 11:54:01', 'QUESTIONNAIRE_MIGRATION_2019', '2018-12-04 11:54:01', 'QUESTIONNAIRE_MIGRATION_2019'),
(1466, 18, 18, 852, 2, 214, -1, 9, 1, 0, 0, '', '2018-12-04 11:54:01', 'QUESTIONNAIRE_MIGRATION_2019', '2018-12-04 11:54:01', 'QUESTIONNAIRE_MIGRATION_2019'),
(1468, 12, 12, 794, 2, 215, -1, 9, 1, 0, 0, '', '2019-04-04 18:39:55', 'QUESTIONNAIRE_MIGRATION_2019', '2019-04-04 18:39:55', 'QUESTIONNAIRE_MIGRATION_2019'),
(1469, 12, 12, 795, 2, 215, -1, 9, 1, 0, 0, '', '2019-04-04 18:39:55', 'QUESTIONNAIRE_MIGRATION_2019', '2019-04-04 18:39:55', 'QUESTIONNAIRE_MIGRATION_2019'),
(1470, 12, 12, 791, 2, 215, -1, 9, 1, 0, 0, '', '2019-04-04 18:39:55', 'QUESTIONNAIRE_MIGRATION_2019', '2019-04-04 18:39:55', 'QUESTIONNAIRE_MIGRATION_2019'),
(1471, 12, 12, 796, 2, 215, -1, 9, 1, 0, 0, '', '2019-04-04 18:39:55', 'QUESTIONNAIRE_MIGRATION_2019', '2019-04-04 18:39:55', 'QUESTIONNAIRE_MIGRATION_2019'),
(1473, 12, 12, 799, 2, 215, -1, 9, 1, 0, 0, '', '2019-04-04 18:39:55', 'QUESTIONNAIRE_MIGRATION_2019', '2019-04-04 18:39:55', 'QUESTIONNAIRE_MIGRATION_2019'),
(1474, 12, 12, 797, 2, 215, -1, 9, 1, 0, 0, '', '2019-04-04 18:39:55', 'QUESTIONNAIRE_MIGRATION_2019', '2019-04-04 18:39:55', 'QUESTIONNAIRE_MIGRATION_2019'),
(1475, 12, 12, 798, 2, 215, -1, 9, 1, 0, 0, '', '2019-04-04 18:39:55', 'QUESTIONNAIRE_MIGRATION_2019', '2019-04-04 18:39:55', 'QUESTIONNAIRE_MIGRATION_2019'),
(1477, 12, 12, 794, 2, 216, -1, 9, 1, 0, 0, '', '2019-05-08 15:04:04', 'QUESTIONNAIRE_MIGRATION_2019', '2019-05-08 15:04:04', 'QUESTIONNAIRE_MIGRATION_2019'),
(1478, 12, 12, 795, 2, 216, -1, 9, 1, 0, 0, '', '2019-05-08 15:04:04', 'QUESTIONNAIRE_MIGRATION_2019', '2019-05-08 15:04:04', 'QUESTIONNAIRE_MIGRATION_2019'),
(1479, 12, 12, 791, 2, 216, -1, 9, 1, 0, 0, '', '2019-05-08 15:04:04', 'QUESTIONNAIRE_MIGRATION_2019', '2019-05-08 15:04:04', 'QUESTIONNAIRE_MIGRATION_2019'),
(1480, 12, 12, 796, 2, 216, -1, 9, 1, 0, 0, '', '2019-05-08 15:04:04', 'QUESTIONNAIRE_MIGRATION_2019', '2019-05-08 15:04:04', 'QUESTIONNAIRE_MIGRATION_2019'),
(1482, 12, 12, 799, 2, 216, -1, 9, 1, 0, 0, '', '2019-05-08 15:04:04', 'QUESTIONNAIRE_MIGRATION_2019', '2019-05-08 15:04:04', 'QUESTIONNAIRE_MIGRATION_2019'),
(1483, 12, 12, 797, 2, 216, -1, 9, 1, 0, 0, '', '2019-05-08 15:04:04', 'QUESTIONNAIRE_MIGRATION_2019', '2019-05-08 15:04:04', 'QUESTIONNAIRE_MIGRATION_2019'),
(1484, 12, 12, 798, 2, 216, -1, 9, 1, 0, 0, '', '2019-05-08 15:04:04', 'QUESTIONNAIRE_MIGRATION_2019', '2019-05-08 15:04:04', 'QUESTIONNAIRE_MIGRATION_2019'),
(1504, 18, 18, 842, 2, 220, -1, 9, 1, 0, 0, '', '2019-10-31 14:52:16', 'QUESTIONNAIRE_MIGRATION_2019', '2019-10-31 14:52:16', 'QUESTIONNAIRE_MIGRATION_2019'),
(1505, 18, 18, 843, 2, 220, -1, 9, 1, 0, 0, '', '2019-10-31 14:52:16', 'QUESTIONNAIRE_MIGRATION_2019', '2019-10-31 14:52:16', 'QUESTIONNAIRE_MIGRATION_2019'),
(1506, 18, 18, 844, 2, 220, -1, 9, 1, 0, 0, '', '2019-10-31 14:52:16', 'QUESTIONNAIRE_MIGRATION_2019', '2019-10-31 14:52:16', 'QUESTIONNAIRE_MIGRATION_2019'),
(1507, 18, 18, 845, 2, 220, -1, 9, 1, 0, 0, '', '2019-10-31 14:52:16', 'QUESTIONNAIRE_MIGRATION_2019', '2019-10-31 14:52:16', 'QUESTIONNAIRE_MIGRATION_2019'),
(1508, 18, 18, 846, 2, 220, -1, 9, 1, 0, 0, '', '2019-10-31 14:52:16', 'QUESTIONNAIRE_MIGRATION_2019', '2019-10-31 14:52:16', 'QUESTIONNAIRE_MIGRATION_2019'),
(1509, 18, 18, 847, 2, 220, -1, 9, 1, 0, 0, '', '2019-10-31 14:52:16', 'QUESTIONNAIRE_MIGRATION_2019', '2019-10-31 14:52:16', 'QUESTIONNAIRE_MIGRATION_2019'),
(1510, 18, 18, 848, 2, 220, -1, 9, 1, 0, 0, '', '2019-10-31 14:52:16', 'QUESTIONNAIRE_MIGRATION_2019', '2019-10-31 14:52:16', 'QUESTIONNAIRE_MIGRATION_2019'),
(1511, 18, 18, 849, 2, 220, -1, 9, 1, 0, 0, '', '2019-10-31 14:52:16', 'QUESTIONNAIRE_MIGRATION_2019', '2019-10-31 14:52:16', 'QUESTIONNAIRE_MIGRATION_2019'),
(1512, 18, 18, 850, 2, 220, -1, 9, 1, 0, 0, '', '2019-10-31 14:52:16', 'QUESTIONNAIRE_MIGRATION_2019', '2019-10-31 14:52:16', 'QUESTIONNAIRE_MIGRATION_2019'),
(1513, 18, 18, 851, 2, 220, -1, 9, 1, 0, 0, '', '2019-10-31 14:52:16', 'QUESTIONNAIRE_MIGRATION_2019', '2019-10-31 14:52:16', 'QUESTIONNAIRE_MIGRATION_2019'),
(1514, 18, 18, 852, 2, 220, -1, 9, 1, 0, 0, '', '2019-10-31 14:52:16', 'QUESTIONNAIRE_MIGRATION_2019', '2019-10-31 14:52:16', 'QUESTIONNAIRE_MIGRATION_2019'),
(5333, 26, 26, 885, 4, 689, 2, 9, 1, 0, 0, '', '2019-11-06 08:22:12', '9_APP_1.8.10', '2019-11-06 08:22:12', '9_APP_1.8.10'),
(5334, 26, 26, 886, 4, 689, 2, 9, 1, 0, 0, '', '2019-11-06 08:22:12', '9_APP_1.8.10', '2019-11-06 08:22:12', '9_APP_1.8.10'),
(5335, 26, 26, 887, 4, 689, 2, 9, 1, 0, 0, '', '2019-11-06 08:22:12', '9_APP_1.8.10', '2019-11-06 08:22:12', '9_APP_1.8.10'),
(6208, 18, 18, 842, 2, 816, 2, 9, 1, 0, 0, '', '2020-01-16 13:30:23', '9_APP_1.8.10', '2020-01-16 13:30:23', '9_APP_1.8.10'),
(6209, 18, 18, 843, 2, 816, 2, 9, 1, 0, 0, '', '2020-01-16 13:30:23', '9_APP_1.8.10', '2020-01-16 13:30:23', '9_APP_1.8.10'),
(6210, 18, 18, 844, 2, 816, 2, 9, 1, 0, 0, '', '2020-01-16 13:30:23', '9_APP_1.8.10', '2020-01-16 13:30:23', '9_APP_1.8.10'),
(6211, 18, 18, 845, 2, 816, 2, 9, 1, 0, 0, '', '2020-01-16 13:30:23', '9_APP_1.8.10', '2020-01-16 13:30:23', '9_APP_1.8.10'),
(6212, 18, 18, 846, 2, 816, 2, 9, 1, 0, 0, '', '2020-01-16 13:30:23', '9_APP_1.8.10', '2020-01-16 13:30:23', '9_APP_1.8.10'),
(6213, 18, 18, 847, 2, 816, 2, 9, 1, 0, 0, '', '2020-01-16 13:30:23', '9_APP_1.8.10', '2020-01-16 13:30:23', '9_APP_1.8.10'),
(6214, 18, 18, 848, 2, 816, 2, 9, 1, 0, 0, '', '2020-01-16 13:30:23', '9_APP_1.8.10', '2020-01-16 13:30:23', '9_APP_1.8.10'),
(6215, 18, 18, 849, 2, 816, 2, 9, 1, 0, 0, '', '2020-01-16 13:30:23', '9_APP_1.8.10', '2020-01-16 13:30:23', '9_APP_1.8.10'),
(6216, 18, 18, 850, 2, 816, 2, 9, 1, 0, 0, '', '2020-01-16 13:30:23', '9_APP_1.8.10', '2020-01-16 13:30:23', '9_APP_1.8.10'),
(6217, 18, 18, 851, 2, 816, 2, 9, 1, 0, 0, '', '2020-01-16 13:30:23', '9_APP_1.8.10', '2020-01-16 13:30:23', '9_APP_1.8.10'),
(6218, 18, 18, 852, 2, 816, 2, 9, 1, 0, 0, '', '2020-01-16 13:30:23', '9_APP_1.8.10', '2020-01-16 13:30:23', '9_APP_1.8.10'),
(46323, 188, 138, 1187, 4, 3979, 2, 14, 1, 0, 0, '', '2025-06-19 14:21:04', '14_APP_2.2.6', '2025-06-19 18:21:04', '14_APP_2.2.6'),
(46324, 188, 138, 1188, 4, 3979, 2, 14, 1, 0, 0, '', '2025-06-19 14:21:06', '14_APP_2.2.6', '2025-06-19 18:21:06', '14_APP_2.2.6'),
(46325, 188, 138, 1189, 4, 3979, 2, 14, 1, 0, 0, '', '2025-06-19 14:21:08', '14_APP_2.2.6', '2025-06-19 18:21:08', '14_APP_2.2.6'),
(46326, 188, 138, 1190, 4, 3979, 2, 14, 1, 0, 0, '', '2025-06-19 14:21:09', '14_APP_2.2.6', '2025-06-19 18:21:09', '14_APP_2.2.6'),
(46327, 188, 138, 1609, 4, 3979, 2, 14, 1, 0, 0, '', '2025-06-19 14:21:11', '14_APP_2.2.6', '2025-06-19 18:21:11', '14_APP_2.2.6'),
(46328, 188, 138, 1611, 4, 3979, 2, 14, 1, 0, 0, '', '2025-06-19 14:21:12', '14_APP_2.2.6', '2025-06-19 18:21:12', '14_APP_2.2.6'),
(46329, 188, 138, 1193, 4, 3979, 2, 14, 1, 0, 0, '', '2025-06-19 14:21:15', '14_APP_2.2.6', '2025-06-19 18:21:15', '14_APP_2.2.6'),
(46330, 188, 138, 1194, 4, 3979, 2, 14, 1, 0, 0, '', '2025-06-19 14:21:16', '14_APP_2.2.6', '2025-06-19 18:21:16', '14_APP_2.2.6'),
(46331, 188, 138, 1195, 4, 3979, 2, 14, 1, 0, 0, '', '2025-06-19 14:21:18', '14_APP_2.2.6', '2025-06-19 18:21:18', '14_APP_2.2.6'),
(46332, 188, 138, 1605, 4, 3979, 2, 14, 1, 0, 0, '', '2025-06-19 14:21:25', '14_APP_2.2.6', '2025-06-19 18:21:25', '14_APP_2.2.6'),
(46333, 188, 138, 1187, 4, 3980, 2, 14, 1, 0, 0, '', '2025-06-19 14:21:44', '14_APP_2.2.6', '2025-06-19 18:21:44', '14_APP_2.2.6'),
(46334, 188, 138, 1188, 4, 3980, 2, 14, 1, 0, 0, '', '2025-06-19 14:21:47', '14_APP_2.2.6', '2025-06-19 18:21:47', '14_APP_2.2.6'),
(46335, 188, 138, 1189, 4, 3980, 2, 14, 1, 0, 0, '', '2025-06-19 14:21:53', '14_APP_2.2.6', '2025-06-19 18:21:53', '14_APP_2.2.6'),
(46336, 188, 138, 1190, 4, 3980, 2, 14, 1, 0, 0, '', '2025-06-19 14:21:58', '14_APP_2.2.6', '2025-06-19 18:21:58', '14_APP_2.2.6'),
(46337, 188, 138, 1609, 4, 3980, 2, 14, 1, 0, 0, '', '2025-06-19 14:22:03', '14_APP_2.2.6', '2025-06-19 18:22:03', '14_APP_2.2.6'),
(46338, 188, 138, 1611, 4, 3980, 2, 14, 1, 0, 0, '', '2025-06-19 14:22:06', '14_APP_2.2.6', '2025-06-19 18:22:06', '14_APP_2.2.6'),
(46339, 188, 138, 1193, 4, 3980, 2, 14, 1, 0, 0, '', '2025-06-19 14:22:08', '14_APP_2.2.6', '2025-06-19 18:22:08', '14_APP_2.2.6'),
(46340, 188, 138, 1195, 4, 3980, 2, 14, 1, 0, 0, '', '2025-06-19 14:22:21', '14_APP_2.2.6', '2025-06-19 18:22:21', '14_APP_2.2.6'),
(46341, 188, 138, 1605, 4, 3980, 2, 14, 1, 0, 0, '', '2025-06-19 14:22:22', '14_APP_2.2.6', '2025-06-19 18:22:22', '14_APP_2.2.6'),
(46342, 188, 138, 1194, 4, 3980, 2, 14, 1, 0, 0, '', '2025-06-19 14:22:26', '14_APP_2.2.6', '2025-06-19 18:22:26', '14_APP_2.2.6'),
(46343, 188, 138, 1187, 4, 3981, 2, 14, 1, 0, 0, '', '2025-06-19 14:22:38', '14_APP_2.2.6', '2025-06-19 18:22:38', '14_APP_2.2.6'),
(46344, 188, 138, 1188, 4, 3981, 2, 14, 1, 0, 0, '', '2025-06-19 14:22:40', '14_APP_2.2.6', '2025-06-19 18:22:40', '14_APP_2.2.6'),
(46345, 188, 138, 1189, 4, 3981, 2, 14, 1, 0, 0, '', '2025-06-19 14:22:42', '14_APP_2.2.6', '2025-06-19 18:22:42', '14_APP_2.2.6'),
(46346, 188, 138, 1190, 4, 3981, 2, 14, 1, 0, 0, '', '2025-06-19 14:22:45', '14_APP_2.2.6', '2025-06-19 18:22:45', '14_APP_2.2.6'),
(46347, 188, 138, 1609, 4, 3981, 2, 14, 1, 0, 0, '', '2025-06-19 14:22:46', '14_APP_2.2.6', '2025-06-19 18:22:46', '14_APP_2.2.6'),
(46348, 188, 138, 1611, 4, 3981, 2, 14, 1, 0, 0, '', '2025-06-19 14:22:48', '14_APP_2.2.6', '2025-06-19 18:22:48', '14_APP_2.2.6'),
(46349, 188, 138, 1193, 4, 3981, 2, 14, 1, 0, 0, '', '2025-06-19 14:22:49', '14_APP_2.2.6', '2025-06-19 18:22:49', '14_APP_2.2.6'),
(46350, 188, 138, 1194, 4, 3981, 2, 14, 1, 0, 0, '', '2025-06-19 14:22:50', '14_APP_2.2.6', '2025-06-19 18:22:50', '14_APP_2.2.6'),
(46351, 188, 138, 1195, 4, 3981, 2, 14, 1, 0, 0, '', '2025-06-19 14:22:54', '14_APP_2.2.6', '2025-06-19 18:22:54', '14_APP_2.2.6'),
(46352, 188, 138, 1605, 4, 3981, 2, 14, 1, 0, 0, '', '2025-06-19 14:22:59', '14_APP_2.2.6', '2025-06-19 18:22:59', '14_APP_2.2.6'),
(46353, 139, 89, 1390, 4, 3982, 2, 14, 1, 0, 0, '', '2025-06-19 14:32:00', '14_APP_2.2.6', '2025-06-19 18:32:00', '14_APP_2.2.6'),
(46354, 139, 89, 1391, 4, 3982, 2, 14, 1, 0, 0, '', '2025-06-19 14:32:05', '14_APP_2.2.6', '2025-06-19 18:32:05', '14_APP_2.2.6'),
(46355, 139, 89, 1392, 4, 3982, 2, 14, 1, 0, 0, '', '2025-06-19 14:32:11', '14_APP_2.2.6', '2025-06-19 18:32:11', '14_APP_2.2.6'),
(46356, 139, 89, 1393, 4, 3982, 2, 14, 1, 0, 0, '', '2025-06-19 14:32:16', '14_APP_2.2.6', '2025-06-19 18:32:16', '14_APP_2.2.6'),
(46357, 139, 89, 1394, 4, 3982, 2, 14, 1, 0, 0, '', '2025-06-19 14:32:19', '14_APP_2.2.6', '2025-06-19 18:32:19', '14_APP_2.2.6'),
(46358, 139, 89, 1395, 4, 3982, 2, 14, 1, 0, 0, '', '2025-06-19 14:32:23', '14_APP_2.2.6', '2025-06-19 18:32:23', '14_APP_2.2.6'),
(46359, 139, 89, 1396, 4, 3982, 2, 14, 1, 0, 0, '', '2025-06-19 14:32:31', '14_APP_2.2.6', '2025-06-19 18:32:31', '14_APP_2.2.6'),
(46360, 139, 89, 1397, 4, 3982, 2, 14, 1, 0, 0, '', '2025-06-19 14:32:38', '14_APP_2.2.6', '2025-06-19 18:32:38', '14_APP_2.2.6'),
(46361, 139, 89, 1398, 4, 3982, 2, 14, 1, 0, 0, '', '2025-06-19 14:32:43', '14_APP_2.2.6', '2025-06-19 18:32:43', '14_APP_2.2.6'),
(46362, 139, 89, 1351, 4, 3982, 2, 14, 1, 0, 0, '', '2025-06-19 14:32:52', '14_APP_2.2.6', '2025-06-19 18:32:52', '14_APP_2.2.6'),
(46363, 111, 61, 1130, 4, 3983, 2, 14, 1, 0, 0, '', '2025-06-19 14:41:08', '14_APP_2.2.6', '2025-06-19 18:41:08', '14_APP_2.2.6'),
(46364, 111, 61, 1131, 4, 3983, 2, 14, 1, 0, 0, '', '2025-06-19 14:41:22', '14_APP_2.2.6', '2025-06-19 18:41:22', '14_APP_2.2.6'),
(46365, 111, 61, 1132, 4, 3983, 2, 14, 1, 0, 0, '', '2025-06-19 14:41:36', '14_APP_2.2.6', '2025-06-19 18:41:36', '14_APP_2.2.6'),
(46366, 111, 61, 1133, 4, 3983, 2, 14, 1, 0, 0, '', '2025-06-19 14:41:42', '14_APP_2.2.6', '2025-06-19 18:41:42', '14_APP_2.2.6'),
(46367, 111, 61, 1134, 4, 3983, 2, 14, 1, 0, 0, '', '2025-06-19 14:41:46', '14_APP_2.2.6', '2025-06-19 18:41:46', '14_APP_2.2.6'),
(46368, 111, 61, 1135, 4, 3983, 2, 14, 1, 0, 0, '', '2025-06-19 14:41:50', '14_APP_2.2.6', '2025-06-19 18:41:50', '14_APP_2.2.6'),
(46369, 111, 61, 1136, 4, 3983, 2, 14, 1, 0, 0, '', '2025-06-19 14:41:54', '14_APP_2.2.6', '2025-06-19 18:41:54', '14_APP_2.2.6'),
(46370, 188, 138, 1187, 4, 3984, 2, 16, 1, 0, 0, '', '2025-06-19 14:47:17', '16_APP_2.2.6', '2025-06-19 18:47:17', '16_APP_2.2.6'),
(46371, 188, 138, 1188, 4, 3984, 2, 16, 1, 0, 0, '', '2025-06-19 14:47:23', '16_APP_2.2.6', '2025-06-19 18:47:23', '16_APP_2.2.6'),
(46372, 188, 138, 1189, 4, 3984, 2, 16, 1, 0, 0, '', '2025-06-19 14:47:33', '16_APP_2.2.6', '2025-06-19 18:47:33', '16_APP_2.2.6'),
(46373, 188, 138, 1190, 4, 3984, 2, 16, 1, 0, 0, '', '2025-06-19 14:47:37', '16_APP_2.2.6', '2025-06-19 18:47:37', '16_APP_2.2.6'),
(46374, 188, 138, 1609, 4, 3984, 2, 16, 1, 0, 0, '', '2025-06-19 14:47:41', '16_APP_2.2.6', '2025-06-19 18:47:41', '16_APP_2.2.6'),
(46375, 188, 138, 1611, 4, 3984, 2, 16, 1, 0, 0, '', '2025-06-19 14:47:48', '16_APP_2.2.6', '2025-06-19 18:47:48', '16_APP_2.2.6'),
(46376, 188, 138, 1193, 4, 3984, 2, 16, 1, 0, 0, '', '2025-06-19 14:47:56', '16_APP_2.2.6', '2025-06-19 18:47:56', '16_APP_2.2.6'),
(46377, 188, 138, 1194, 4, 3984, 2, 16, 1, 0, 0, '', '2025-06-19 14:48:01', '16_APP_2.2.6', '2025-06-19 18:48:01', '16_APP_2.2.6'),
(46378, 188, 138, 1195, 4, 3984, 2, 16, 1, 0, 0, '', '2025-06-19 14:48:07', '16_APP_2.2.6', '2025-06-19 18:48:07', '16_APP_2.2.6'),
(46379, 188, 138, 1605, 4, 3984, 2, 16, 1, 0, 0, '', '2025-06-19 14:48:14', '16_APP_2.2.6', '2025-06-19 18:48:14', '16_APP_2.2.6'),
(46380, 139, 89, 1390, 4, 3985, 2, 16, 1, 0, 0, '', '2025-06-19 14:56:12', '16_APP_2.2.6', '2025-06-19 18:56:12', '16_APP_2.2.6'),
(46381, 139, 89, 1391, 4, 3985, 2, 16, 1, 0, 0, '', '2025-06-19 14:56:16', '16_APP_2.2.6', '2025-06-19 18:56:16', '16_APP_2.2.6'),
(46382, 139, 89, 1392, 4, 3985, 2, 16, 1, 0, 0, '', '2025-06-19 14:56:25', '16_APP_2.2.6', '2025-06-19 18:56:25', '16_APP_2.2.6'),
(46383, 139, 89, 1393, 4, 3985, 2, 16, 1, 0, 0, '', '2025-06-19 14:56:27', '16_APP_2.2.6', '2025-06-19 18:56:27', '16_APP_2.2.6'),
(46384, 139, 89, 1394, 4, 3985, 2, 16, 1, 0, 0, '', '2025-06-19 14:56:30', '16_APP_2.2.6', '2025-06-19 18:56:30', '16_APP_2.2.6'),
(46385, 139, 89, 1395, 4, 3985, 2, 16, 1, 0, 0, '', '2025-06-19 14:56:39', '16_APP_2.2.6', '2025-06-19 18:56:39', '16_APP_2.2.6'),
(46386, 139, 89, 1396, 4, 3985, 2, 16, 1, 0, 0, '', '2025-06-19 14:56:46', '16_APP_2.2.6', '2025-06-19 18:56:46', '16_APP_2.2.6'),
(46387, 139, 89, 1397, 4, 3985, 2, 16, 1, 0, 0, '', '2025-06-19 14:56:55', '16_APP_2.2.6', '2025-06-19 18:56:55', '16_APP_2.2.6'),
(46388, 139, 89, 1398, 4, 3985, 2, 16, 1, 0, 0, '', '2025-06-19 14:56:58', '16_APP_2.2.6', '2025-06-19 18:56:58', '16_APP_2.2.6'),
(46389, 139, 89, 1351, 4, 3985, 2, 16, 1, 0, 0, '', '2025-06-19 14:57:05', '16_APP_2.2.6', '2025-06-19 18:57:05', '16_APP_2.2.6'),
(46390, 111, 61, 1130, 4, 3986, 2, 16, 1, 0, 0, '', '2025-06-19 14:57:13', '16_APP_2.2.6', '2025-06-19 18:57:13', '16_APP_2.2.6'),
(46391, 111, 61, 1131, 4, 3986, 2, 16, 1, 0, 0, '', '2025-06-19 14:57:17', '16_APP_2.2.6', '2025-06-19 18:57:17', '16_APP_2.2.6'),
(46392, 111, 61, 1132, 4, 3986, 2, 16, 1, 0, 0, '', '2025-06-19 14:57:21', '16_APP_2.2.6', '2025-06-19 18:57:21', '16_APP_2.2.6'),
(46393, 111, 61, 1133, 4, 3986, 2, 16, 1, 0, 0, '', '2025-06-19 14:57:23', '16_APP_2.2.6', '2025-06-19 18:57:23', '16_APP_2.2.6'),
(46394, 111, 61, 1134, 4, 3986, 2, 16, 1, 0, 0, '', '2025-06-19 14:57:26', '16_APP_2.2.6', '2025-06-19 18:57:26', '16_APP_2.2.6'),
(46395, 111, 61, 1135, 4, 3986, 2, 16, 1, 0, 0, '', '2025-06-19 14:57:29', '16_APP_2.2.6', '2025-06-19 18:57:29', '16_APP_2.2.6'),
(46396, 111, 61, 1136, 4, 3986, 2, 16, 1, 0, 0, '', '2025-06-19 14:57:32', '16_APP_2.2.6', '2025-06-19 18:57:32', '16_APP_2.2.6'),
(46397, 111, 61, 1130, 4, 3987, 2, 15, 1, 0, 0, '', '2025-06-19 15:00:14', '15_APP_2.2.6', '2025-06-19 19:00:14', '15_APP_2.2.6'),
(46398, 111, 61, 1131, 4, 3987, 2, 15, 1, 0, 0, '', '2025-06-19 15:00:20', '15_APP_2.2.6', '2025-06-19 19:00:20', '15_APP_2.2.6'),
(46399, 111, 61, 1132, 4, 3987, 2, 15, 1, 0, 0, '', '2025-06-19 15:00:22', '15_APP_2.2.6', '2025-06-19 19:00:22', '15_APP_2.2.6'),
(46400, 111, 61, 1133, 4, 3987, 2, 15, 1, 0, 0, '', '2025-06-19 15:00:24', '15_APP_2.2.6', '2025-06-19 19:00:24', '15_APP_2.2.6'),
(46401, 111, 61, 1134, 4, 3987, 2, 15, 1, 0, 0, '', '2025-06-19 15:00:26', '15_APP_2.2.6', '2025-06-19 19:00:26', '15_APP_2.2.6'),
(46402, 111, 61, 1135, 4, 3987, 2, 15, 1, 0, 0, '', '2025-06-19 15:00:29', '15_APP_2.2.6', '2025-06-19 19:00:29', '15_APP_2.2.6'),
(46403, 111, 61, 1136, 4, 3987, 2, 15, 1, 0, 0, '', '2025-06-19 15:00:34', '15_APP_2.2.6', '2025-06-19 19:00:34', '15_APP_2.2.6'),
(46404, 139, 89, 1390, 4, 3988, 2, 15, 1, 0, 0, '', '2025-06-19 15:00:47', '15_APP_2.2.6', '2025-06-19 19:00:47', '15_APP_2.2.6'),
(46405, 139, 89, 1391, 4, 3988, 2, 15, 1, 0, 0, '', '2025-06-19 15:00:59', '15_APP_2.2.6', '2025-06-19 19:00:59', '15_APP_2.2.6'),
(46406, 139, 89, 1392, 4, 3988, 2, 15, 1, 0, 0, '', '2025-06-19 15:01:03', '15_APP_2.2.6', '2025-06-19 19:01:03', '15_APP_2.2.6'),
(46407, 139, 89, 1393, 4, 3988, 2, 15, 1, 0, 0, '', '2025-06-19 15:01:06', '15_APP_2.2.6', '2025-06-19 19:01:06', '15_APP_2.2.6'),
(46408, 139, 89, 1394, 4, 3988, 2, 15, 1, 0, 0, '', '2025-06-19 15:01:08', '15_APP_2.2.6', '2025-06-19 19:01:08', '15_APP_2.2.6'),
(46409, 139, 89, 1395, 4, 3988, 2, 15, 1, 0, 0, '', '2025-06-19 15:01:13', '15_APP_2.2.6', '2025-06-19 19:01:13', '15_APP_2.2.6'),
(46410, 139, 89, 1396, 4, 3988, 2, 15, 1, 0, 0, '', '2025-06-19 15:01:16', '15_APP_2.2.6', '2025-06-19 19:01:16', '15_APP_2.2.6'),
(46411, 139, 89, 1397, 4, 3988, 2, 15, 1, 0, 0, '', '2025-06-19 15:01:18', '15_APP_2.2.6', '2025-06-19 19:01:18', '15_APP_2.2.6'),
(46412, 139, 89, 1398, 4, 3988, 2, 15, 1, 0, 0, '', '2025-06-19 15:01:22', '15_APP_2.2.6', '2025-06-19 19:01:22', '15_APP_2.2.6'),
(46413, 139, 89, 1351, 4, 3988, 2, 15, 1, 0, 0, '', '2025-06-19 15:01:33', '15_APP_2.2.6', '2025-06-19 19:01:33', '15_APP_2.2.6'),
(46414, 188, 138, 1187, 4, 3989, 2, 15, 1, 0, 0, '', '2025-06-19 15:01:51', '15_APP_2.2.6', '2025-06-19 19:01:51', '15_APP_2.2.6'),
(46415, 188, 138, 1188, 4, 3989, 2, 15, 1, 0, 0, '', '2025-06-19 15:02:03', '15_APP_2.2.6', '2025-06-19 19:02:03', '15_APP_2.2.6'),
(46416, 188, 138, 1189, 4, 3989, 2, 15, 1, 0, 0, '', '2025-06-19 15:02:07', '15_APP_2.2.6', '2025-06-19 19:02:07', '15_APP_2.2.6'),
(46417, 188, 138, 1190, 4, 3989, 2, 15, 1, 0, 0, '', '2025-06-19 15:02:13', '15_APP_2.2.6', '2025-06-19 19:02:13', '15_APP_2.2.6'),
(46418, 188, 138, 1609, 4, 3989, 2, 15, 1, 0, 0, '', '2025-06-19 15:02:17', '15_APP_2.2.6', '2025-06-19 19:02:17', '15_APP_2.2.6'),
(46419, 188, 138, 1611, 4, 3989, 2, 15, 1, 0, 0, '', '2025-06-19 15:02:22', '15_APP_2.2.6', '2025-06-19 19:02:22', '15_APP_2.2.6'),
(46420, 188, 138, 1193, 4, 3989, 2, 15, 1, 0, 0, '', '2025-06-19 15:02:28', '15_APP_2.2.6', '2025-06-19 19:02:28', '15_APP_2.2.6'),
(46421, 188, 138, 1194, 4, 3989, 2, 15, 1, 0, 0, '', '2025-06-19 15:02:29', '15_APP_2.2.6', '2025-06-19 19:02:29', '15_APP_2.2.6'),
(46422, 188, 138, 1195, 4, 3989, 2, 15, 1, 0, 0, '', '2025-06-19 15:02:37', '15_APP_2.2.6', '2025-06-19 19:02:37', '15_APP_2.2.6'),
(46423, 188, 138, 1605, 4, 3989, 2, 15, 1, 0, 0, '', '2025-06-19 15:02:41', '15_APP_2.2.6', '2025-06-19 19:02:41', '15_APP_2.2.6'),
(46424, 111, 61, 1130, 4, 3990, 2, 18, 1, 0, 0, '', '2025-06-19 15:48:16', '18_APP_2.2.6', '2025-06-19 19:48:16', '18_APP_2.2.6'),
(46425, 111, 61, 1131, 4, 3990, 2, 18, 1, 0, 0, '', '2025-06-19 15:48:20', '18_APP_2.2.6', '2025-06-19 19:48:20', '18_APP_2.2.6'),
(46426, 111, 61, 1132, 4, 3990, 2, 18, 1, 0, 0, '', '2025-06-19 15:48:22', '18_APP_2.2.6', '2025-06-19 19:48:22', '18_APP_2.2.6'),
(46427, 111, 61, 1133, 4, 3990, 2, 18, 1, 0, 0, '', '2025-06-19 15:48:24', '18_APP_2.2.6', '2025-06-19 19:48:24', '18_APP_2.2.6'),
(46428, 111, 61, 1134, 4, 3990, 2, 18, 1, 0, 0, '', '2025-06-19 15:48:27', '18_APP_2.2.6', '2025-06-19 19:48:27', '18_APP_2.2.6'),
(46429, 111, 61, 1135, 4, 3990, 2, 18, 1, 0, 0, '', '2025-06-19 15:48:30', '18_APP_2.2.6', '2025-06-19 19:48:30', '18_APP_2.2.6'),
(46430, 111, 61, 1136, 4, 3990, 2, 18, 1, 0, 0, '', '2025-06-19 15:48:33', '18_APP_2.2.6', '2025-06-19 19:48:33', '18_APP_2.2.6'),
(46431, 111, 61, 1130, 4, 3991, 2, 11, 1, 0, 0, '', '2025-06-19 15:53:16', '11_APP_2.2.6', '2025-06-19 19:53:16', '11_APP_2.2.6'),
(46432, 111, 61, 1131, 4, 3991, 2, 11, 1, 0, 0, '', '2025-06-19 15:53:19', '11_APP_2.2.6', '2025-06-19 19:53:19', '11_APP_2.2.6'),
(46433, 111, 61, 1132, 4, 3991, 2, 11, 1, 0, 0, '', '2025-06-19 15:53:22', '11_APP_2.2.6', '2025-06-19 19:53:22', '11_APP_2.2.6'),
(46434, 111, 61, 1133, 4, 3991, 2, 11, 1, 0, 0, '', '2025-06-19 15:53:24', '11_APP_2.2.6', '2025-06-19 19:53:24', '11_APP_2.2.6'),
(46435, 111, 61, 1134, 4, 3991, 2, 11, 1, 0, 0, '', '2025-06-19 15:53:26', '11_APP_2.2.6', '2025-06-19 19:53:26', '11_APP_2.2.6'),
(46436, 111, 61, 1135, 4, 3991, 2, 11, 1, 0, 0, '', '2025-06-19 15:53:28', '11_APP_2.2.6', '2025-06-19 19:53:28', '11_APP_2.2.6'),
(46437, 111, 61, 1136, 4, 3991, 2, 11, 1, 0, 0, '', '2025-06-19 15:53:30', '11_APP_2.2.6', '2025-06-19 19:53:30', '11_APP_2.2.6'),
(46438, 188, 138, 1187, 4, 3992, 2, 11, 1, 0, 0, '', '2025-06-19 16:17:26', '11_APP_2.2.6', '2025-06-19 20:17:26', '11_APP_2.2.6'),
(46439, 188, 138, 1188, 4, 3992, 2, 11, 1, 0, 0, '', '2025-06-19 16:17:30', '11_APP_2.2.6', '2025-06-19 20:17:30', '11_APP_2.2.6'),
(46440, 188, 138, 1189, 4, 3992, 2, 11, 1, 0, 0, '', '2025-06-19 16:17:35', '11_APP_2.2.6', '2025-06-19 20:17:35', '11_APP_2.2.6'),
(46441, 188, 138, 1190, 4, 3992, 2, 11, 1, 0, 0, '', '2025-06-19 16:17:39', '11_APP_2.2.6', '2025-06-19 20:17:39', '11_APP_2.2.6'),
(46442, 188, 138, 1609, 4, 3992, 2, 11, 1, 0, 0, '', '2025-06-19 16:17:42', '11_APP_2.2.6', '2025-06-19 20:17:42', '11_APP_2.2.6'),
(46443, 188, 138, 1611, 4, 3992, 2, 11, 1, 0, 0, '', '2025-06-19 16:17:44', '11_APP_2.2.6', '2025-06-19 20:17:44', '11_APP_2.2.6'),
(46444, 188, 138, 1193, 4, 3992, 2, 11, 1, 0, 0, '', '2025-06-19 16:17:49', '11_APP_2.2.6', '2025-06-19 20:17:49', '11_APP_2.2.6'),
(46445, 188, 138, 1194, 4, 3992, 2, 11, 1, 0, 0, '', '2025-06-19 16:17:51', '11_APP_2.2.6', '2025-06-19 20:17:51', '11_APP_2.2.6'),
(46446, 188, 138, 1195, 4, 3992, 2, 11, 1, 0, 0, '', '2025-06-19 16:17:54', '11_APP_2.2.6', '2025-06-19 20:17:54', '11_APP_2.2.6'),
(46447, 188, 138, 1605, 4, 3992, 2, 11, 1, 0, 0, '', '2025-06-19 16:17:57', '11_APP_2.2.6', '2025-06-19 20:17:57', '11_APP_2.2.6'),
(46448, 188, 138, 1187, 4, 3993, 2, 12, 1, 0, 0, '', '2025-06-19 16:18:59', '12_APP_2.2.6', '2025-06-19 20:18:59', '12_APP_2.2.6'),
(46449, 188, 138, 1188, 4, 3993, 2, 12, 1, 0, 0, '', '2025-06-19 16:19:02', '12_APP_2.2.6', '2025-06-19 20:19:02', '12_APP_2.2.6'),
(46450, 188, 138, 1189, 4, 3993, 2, 12, 1, 0, 0, '', '2025-06-19 16:19:05', '12_APP_2.2.6', '2025-06-19 20:19:05', '12_APP_2.2.6'),
(46451, 188, 138, 1190, 4, 3993, 2, 12, 1, 0, 0, '', '2025-06-19 16:19:07', '12_APP_2.2.6', '2025-06-19 20:19:07', '12_APP_2.2.6'),
(46452, 188, 138, 1609, 4, 3993, 2, 12, 1, 0, 0, '', '2025-06-19 16:19:11', '12_APP_2.2.6', '2025-06-19 20:19:11', '12_APP_2.2.6'),
(46453, 188, 138, 1611, 4, 3993, 2, 12, 1, 0, 1, '12_APP_2.2.6', '2025-06-19 16:19:15', '12_APP_2.2.6', '2025-06-19 20:19:18', '12_APP_2.2.6'),
(46454, 188, 138, 1193, 4, 3993, 2, 12, 1, 0, 1, '12_APP_2.2.6', '2025-06-19 16:19:17', '12_APP_2.2.6', '2025-06-19 20:19:19', '12_APP_2.2.6'),
(46455, 188, 138, 1611, 4, 3993, 2, 12, 1, 0, 0, '', '2025-06-19 16:19:18', '12_APP_2.2.6', '2025-06-19 20:19:18', '12_APP_2.2.6'),
(46456, 188, 138, 1193, 4, 3993, 2, 12, 1, 0, 0, '', '2025-06-19 16:19:19', '12_APP_2.2.6', '2025-06-19 20:19:19', '12_APP_2.2.6'),
(46457, 188, 138, 1194, 4, 3993, 2, 12, 1, 0, 0, '', '2025-06-19 16:19:23', '12_APP_2.2.6', '2025-06-19 20:19:23', '12_APP_2.2.6'),
(46458, 188, 138, 1195, 4, 3993, 2, 12, 1, 0, 0, '', '2025-06-19 16:19:32', '12_APP_2.2.6', '2025-06-19 20:19:32', '12_APP_2.2.6'),
(46459, 188, 138, 1605, 4, 3993, 2, 12, 1, 0, 0, '', '2025-06-19 16:19:38', '12_APP_2.2.6', '2025-06-19 20:19:38', '12_APP_2.2.6'),
(46460, 188, 138, 1187, 4, 3994, 2, 10, 1, 0, 1, '10_APP_2.2.6', '2025-06-19 16:20:45', '10_APP_2.2.6', '2025-07-07 13:59:14', '10_APP_2.2.6'),
(46461, 188, 138, 1188, 4, 3994, 2, 10, 1, 0, 1, '10_APP_2.2.6', '2025-06-19 16:20:50', '10_APP_2.2.6', '2025-07-07 13:59:23', '10_APP_2.2.6'),
(46462, 188, 138, 1189, 4, 3994, 2, 10, 1, 0, 1, '10_APP_2.2.6', '2025-06-19 16:20:53', '10_APP_2.2.6', '2025-07-07 13:59:28', '10_APP_2.2.6'),
(46463, 188, 138, 1190, 4, 3994, 2, 10, 1, 0, 1, '10_APP_2.2.6', '2025-06-19 16:20:56', '10_APP_2.2.6', '2025-07-07 13:59:35', '10_APP_2.2.6'),
(46464, 188, 138, 1609, 4, 3994, 2, 10, 1, 0, 1, '10_APP_2.2.6', '2025-06-19 16:20:58', '10_APP_2.2.6', '2025-07-07 13:59:40', '10_APP_2.2.6'),
(46465, 188, 138, 1611, 4, 3994, 2, 10, 1, 0, 1, '10_APP_2.2.6', '2025-06-19 16:21:02', '10_APP_2.2.6', '2025-07-07 13:59:45', '10_APP_2.2.6'),
(46466, 188, 138, 1193, 4, 3994, 2, 10, 1, 0, 1, '10_APP_2.2.6', '2025-06-19 16:21:08', '10_APP_2.2.6', '2025-07-07 13:59:59', '10_APP_2.2.6'),
(46467, 188, 138, 1194, 4, 3994, 2, 10, 1, 0, 1, '10_APP_2.2.6', '2025-06-19 16:21:10', '10_APP_2.2.6', '2025-07-07 14:00:08', '10_APP_2.2.6'),
(46468, 188, 138, 1195, 4, 3994, 2, 10, 1, 0, 1, '10_APP_2.2.6', '2025-06-19 16:21:17', '10_APP_2.2.6', '2025-07-07 14:00:17', '10_APP_2.2.6'),
(46469, 188, 138, 1605, 4, 3994, 2, 10, 1, 0, 1, '10_APP_2.2.6', '2025-06-19 16:21:21', '10_APP_2.2.6', '2025-07-07 14:00:20', '10_APP_2.2.6'),
(46470, 188, 138, 1187, 4, 3994, 2, 10, 1, 0, 0, '', '2025-07-07 13:59:14', '10_APP_2.2.6', '2025-07-07 13:59:14', '10_APP_2.2.6'),
(46471, 188, 138, 1188, 4, 3994, 2, 10, 1, 0, 0, '', '2025-07-07 13:59:23', '10_APP_2.2.6', '2025-07-07 13:59:23', '10_APP_2.2.6'),
(46472, 188, 138, 1189, 4, 3994, 2, 10, 1, 0, 0, '', '2025-07-07 13:59:28', '10_APP_2.2.6', '2025-07-07 13:59:28', '10_APP_2.2.6'),
(46473, 188, 138, 1190, 4, 3994, 2, 10, 1, 0, 0, '', '2025-07-07 13:59:35', '10_APP_2.2.6', '2025-07-07 13:59:35', '10_APP_2.2.6'),
(46474, 188, 138, 1609, 4, 3994, 2, 10, 1, 0, 0, '', '2025-07-07 13:59:40', '10_APP_2.2.6', '2025-07-07 13:59:40', '10_APP_2.2.6'),
(46475, 188, 138, 1611, 4, 3994, 2, 10, 1, 0, 0, '', '2025-07-07 13:59:45', '10_APP_2.2.6', '2025-07-07 13:59:45', '10_APP_2.2.6'),
(46476, 188, 138, 1193, 4, 3994, 2, 10, 1, 0, 0, '', '2025-07-07 13:59:59', '10_APP_2.2.6', '2025-07-07 13:59:59', '10_APP_2.2.6'),
(46477, 188, 138, 1194, 4, 3994, 2, 10, 1, 0, 0, '', '2025-07-07 14:00:08', '10_APP_2.2.6', '2025-07-07 14:00:08', '10_APP_2.2.6'),
(46478, 188, 138, 1195, 4, 3994, 2, 10, 1, 0, 0, '', '2025-07-07 14:00:17', '10_APP_2.2.6', '2025-07-07 14:00:17', '10_APP_2.2.6'),
(46479, 188, 138, 1605, 4, 3994, 2, 10, 1, 0, 0, '', '2025-07-07 14:00:20', '10_APP_2.2.6', '2025-07-07 14:00:20', '10_APP_2.2.6');

UPDATE answer
SET creationDate = DATE_ADD(now(), INTERVAL -13 DAY),
    lastUpdated = DATE_ADD(now(), INTERVAL -13 DAY)
WHERE questionnaireId=204
and sectionId=154;

-- Update all Questionnaire dates to make the data more similar to a live environment
-- ESAS-r sent 3 days ago
UPDATE answerQuestionnaire
SET creationDate = now(),
    lastUpdated = now()
WHERE questionnaireId=136;
-- Breast Recon: Preop complete 2 weeks ago; Postop sent 3 days ago
UPDATE answerQuestionnaire
SET creationDate = DATE_ADD(now(), INTERVAL -14 DAY),
    lastUpdated = DATE_ADD(now(), INTERVAL -13 DAY)
WHERE questionnaireId=204;
UPDATE answerQuestionnaire
SET creationDate = DATE_ADD(now(), INTERVAL -3 DAY),
    lastUpdated = DATE_ADD(now(), INTERVAL -3 DAY)
WHERE questionnaireId=205;
-- H&N Quality sent yesterday
UPDATE answerQuestionnaire
SET creationDate = DATE_ADD(now(), INTERVAL -1 DAY),
    lastUpdated = DATE_ADD(now(), INTERVAL -1 DAY)
WHERE questionnaireId=163;
-- Bowel function sent 5 days ago
UPDATE answerQuestionnaire
SET creationDate = DATE_ADD(now(), INTERVAL -5 DAY),
    lastUpdated = DATE_ADD(now(), INTERVAL -5 DAY)
WHERE questionnaireId=46;
-- Databank Consent sent 2 days ago
UPDATE answerQuestionnaire
SET creationDate = DATE_ADD(now(), INTERVAL -2 DAY),
    lastUpdated = DATE_ADD(now(), INTERVAL -2 DAY)
WHERE questionnaireId=248;
-- GAD7 sent 7 days ago
UPDATE answerQuestionnaire
SET creationDate = DATE_ADD(now(), INTERVAL -7 DAY),
    lastUpdated = DATE_ADD(now(), INTERVAL -7 DAY)
WHERE questionnaireId=111;

-- For completed questionnaires, set the completed date to the same value at their lastUpdated date (and make sure lastUpdated isn't affected)
UPDATE answerQuestionnaire aq
SET aq.completedDate = aq.lastUpdated
WHERE aq.`status` = 2
;
UPDATE answerQuestionnaire aq
SET aq.lastUpdated = aq.completedDate
WHERE aq.`status` = 2
;

INSERT INTO `answerRadioButton` (`ID`, `answerId`, `value`) VALUES
(1, 5333, 169),
(2, 5334, 173),
(3, 5335, 178),
(31120, 46323, 1348),
(31121, 46324, 1359),
(31122, 46325, 1370),
(31123, 46326, 1382),
(31124, 46327, 2646),
(31125, 46328, 2669),
(31126, 46329, 1416),
(31127, 46330, 1427),
(31128, 46331, 1437),
(31129, 46332, 2615),
(31130, 46333, 1352),
(31131, 46334, 1363),
(31132, 46335, 1374),
(31133, 46336, 1381),
(31134, 46337, 2645),
(31135, 46338, 2667),
(31136, 46339, 1414),
(31137, 46340, 1436),
(31138, 46341, 2612),
(31139, 46342, 1427),
(31140, 46343, 1347),
(31141, 46344, 1359),
(31142, 46345, 1369),
(31143, 46346, 1380),
(31144, 46347, 2644),
(31145, 46348, 2666),
(31146, 46349, 1413),
(31147, 46350, 1425),
(31148, 46351, 1435),
(31149, 46352, 2613),
(31150, 46353, 2076),
(31151, 46354, 2080),
(31152, 46355, 2085),
(31153, 46356, 2089),
(31154, 46357, 2091),
(31155, 46358, 2096),
(31156, 46359, 2099),
(31157, 46360, 2103),
(31158, 46361, 2107),
(31159, 46362, 1879),
(31160, 46363, 1157),
(31161, 46364, 1163),
(31162, 46365, 1165),
(31163, 46366, 1169),
(31164, 46367, 1172),
(31165, 46368, 1177),
(31166, 46369, 1181),
(31167, 46370, 1353),
(31168, 46371, 1363),
(31169, 46372, 1374),
(31170, 46373, 1382),
(31171, 46374, 2649),
(31172, 46375, 2673),
(31173, 46376, 1419),
(31174, 46377, 1430),
(31175, 46378, 1440),
(31176, 46379, 2616),
(31177, 46380, 2075),
(31178, 46381, 2079),
(31179, 46382, 2083),
(31180, 46383, 2087),
(31181, 46384, 2091),
(31182, 46385, 2095),
(31183, 46386, 2099),
(31184, 46387, 2103),
(31185, 46388, 2107),
(31186, 46389, 1879),
(31187, 46390, 1156),
(31188, 46391, 1160),
(31189, 46392, 1164),
(31190, 46393, 1169),
(31191, 46394, 1172),
(31192, 46395, 1176),
(31193, 46396, 1181),
(31194, 46397, 1156),
(31195, 46398, 1160),
(31196, 46399, 1164),
(31197, 46400, 1169),
(31198, 46401, 1172),
(31199, 46402, 1176),
(31200, 46403, 1181),
(31201, 46404, 2076),
(31202, 46405, 2080),
(31203, 46406, 2083),
(31204, 46407, 2087),
(31205, 46408, 2091),
(31206, 46409, 2095),
(31207, 46410, 2099),
(31208, 46411, 2103),
(31209, 46412, 2107),
(31210, 46413, 1879),
(31211, 46414, 1353),
(31212, 46415, 1362),
(31213, 46416, 1373),
(31214, 46417, 1382),
(31215, 46418, 2644),
(31216, 46419, 2667),
(31217, 46420, 1417),
(31218, 46421, 1428),
(31219, 46422, 1440),
(31220, 46423, 2612),
(31221, 46424, 1157),
(31222, 46425, 1162),
(31223, 46426, 1165),
(31224, 46427, 1170),
(31225, 46428, 1173),
(31226, 46429, 1176),
(31227, 46430, 1182),
(31228, 46431, 1157),
(31229, 46432, 1161),
(31230, 46433, 1166),
(31231, 46434, 1169),
(31232, 46435, 1172),
(31233, 46436, 1176),
(31234, 46437, 1182),
(31235, 46438, 1354),
(31236, 46439, 1364),
(31237, 46440, 1372),
(31238, 46441, 1383),
(31239, 46442, 2646),
(31240, 46443, 2668),
(31241, 46444, 1419),
(31242, 46445, 1429),
(31243, 46446, 1441),
(31244, 46447, 2611),
(31245, 46448, 1352),
(31246, 46449, 1360),
(31247, 46450, 1370),
(31248, 46451, 1380),
(31249, 46452, 2646),
(31250, 46453, 2667),
(31251, 46454, 1420),
(31252, 46455, 2667),
(31253, 46456, 1420),
(31254, 46457, 1431),
(31255, 46458, 1442),
(31256, 46459, 2615),
(31257, 46460, 1354),
(31258, 46461, 1363),
(31259, 46462, 1371),
(31260, 46463, 1380),
(31261, 46464, 2646),
(31262, 46465, 2668),
(31263, 46466, 1421),
(31264, 46467, 1430),
(31265, 46468, 1443),
(31266, 46469, 2616),
(31267, 46470, 1354),
(31268, 46471, 1362),
(31269, 46472, 1372),
(31270, 46473, 1380),
(31271, 46474, 2647),
(31272, 46475, 2666),
(31273, 46476, 1420),
(31274, 46477, 1431),
(31275, 46478, 1442),
(31276, 46479, 2611);

INSERT INTO `answerSlider` (`ID`, `answerId`, `value`) VALUES
(781, 1282, 4),
(782, 1283, 4),
(783, 1284, 1),
(784, 1285, 2),
(785, 1286, 2),
(786, 1287, 3),
(787, 1288, 3),
(788, 1289, 2),
(789, 1290, 6),
(790, 1291, 5),
(791, 1292, 3),
(798, 1312, 3),
(799, 1313, 2),
(800, 1314, 1),
(801, 1315, 1),
(802, 1316, 2),
(803, 1317, 2),
(804, 1318, 3),
(805, 1319, 2),
(806, 1320, 4),
(807, 1321, 3),
(808, 1322, 2),
(812, 1330, 10),
(813, 1331, 10),
(814, 1332, 9),
(815, 1333, 8),
(817, 1335, 6),
(818, 1336, 10),
(819, 1337, 3),
(821, 1339, 10),
(822, 1340, 10),
(823, 1341, 10),
(824, 1342, 10),
(826, 1344, 10),
(827, 1345, 10),
(828, 1346, 10),
(883, 1422, 3),
(884, 1423, 3),
(885, 1424, 3),
(886, 1425, 3),
(887, 1426, 3),
(888, 1427, 3),
(889, 1428, 2),
(890, 1429, 1),
(891, 1430, 2),
(892, 1431, 1),
(893, 1432, 2),
(895, 1434, 9),
(896, 1435, 8),
(897, 1436, 7),
(898, 1437, 9),
(900, 1439, 8),
(901, 1440, 6),
(902, 1441, 7),
(907, 1456, 3),
(908, 1457, 3),
(909, 1458, 3),
(910, 1459, 2),
(911, 1460, 2),
(912, 1461, 2),
(913, 1462, 2),
(914, 1463, 2),
(915, 1464, 5),
(916, 1465, 5),
(917, 1466, 2),
(919, 1468, 7),
(920, 1469, 7),
(921, 1470, 1),
(922, 1471, 8),
(924, 1473, 7),
(925, 1474, 7),
(926, 1475, 8),
(928, 1477, 9),
(929, 1478, 10),
(930, 1479, 7),
(931, 1480, 8),
(933, 1482, 7),
(934, 1483, 8),
(935, 1484, 7),
(945, 1504, 3),
(946, 1505, 2),
(947, 1506, 2),
(948, 1507, 2),
(949, 1508, 3),
(950, 1509, 2),
(951, 1510, 2),
(952, 1511, 2),
(953, 1512, 5),
(954, 1513, 4),
(955, 1514, 1),
(2949, 6208, 3),
(2950, 6209, 2),
(2951, 6210, 3),
(2952, 6211, 2),
(2953, 6212, 2),
(2954, 6213, 2),
(2955, 6214, 2),
(2956, 6215, 2),
(2957, 6216, 5),
(2958, 6217, 5),
(2959, 6218, 2);
