-- SPDX-FileCopyrightText: Copyright (C) 2023 Opal Health Informatics Group at the Research Institute of the McGill University Health Centre <john.kildea@mcgill.ca>
--
-- SPDX-License-Identifier: AGPL-3.0-or-later

-- Insert the initial data required to start a project.
INSERT INTO `BuildType` (`Name`) VALUES
-- ('Production');
('Development');

INSERT INTO `type` (`ID`, `description`, `tableId`, `subTableId`, `templateTableId`, `templateSubTableId`) VALUES
(1,	3,	11,	12,	38,	39),
(2,	4,	33,	-1,	45,	-1),
(3,	5,	49,	50,	46,	-1),
(4,	6,	30,	31,	43,	44),
(5,	7,	16,	17,	41,	42),
(6,	8,	51,	-1,	48,	-1),
(7,	9,	13,	-1,	40,	-1);

INSERT INTO `purpose` (`ID`, `title`, `description`) VALUES
(1,	20011,	20012),
(2,	20013,	20014),
(3,	20015,	20016),
(4,	20017,	20018),
(5,	20019,	20020),
(6,	20021,	20022);

INSERT INTO `respondent` (`ID`, `title`, `description`) VALUES
(1,	20001,	20002),
(2,	20003,	20004),
(3,	20005,	20006),
(4,	20007,	20008),
(5,	20009,	20010);

INSERT INTO `legacyType` (`ID`, `legacyName`, `legacyTableName`, `typeId`, `default`) VALUES
(1,	'MC',	'QuestionMC',	4,	1),
(2,	'MinMax',	'QuestionMinMax',	2,	1),
(3,	'SA',	'',	3,	1),
(4,	'Checkbox',	'QuestionCheckbox',	1,	1),
(5,	'Frequency',	'',	3,	0),
(6,	'Severity',	'',	3,	0),
(7,	'Interferce',	'',	3,	0),
(8,	'Presence/Absence/Amount',	'',	3,	0),
(9,	'yes',	'',	4,	0);

INSERT INTO `question` (`ID`, `OAUserId`, `display`, `definition`, `question`, `typeId`, `version`, `parentId`, `polarity`, `private`, `final`, `optionalFeedback`, `deleted`, `deletedBy`, `creationDate`, `createdBy`, `lastUpdated`, `updatedBy`, `legacyTypeId`) VALUES
(842,   -1, 307,    308,    309,    2,  1,  -1, 0,  0,  1,  0,  0,  '', '2019-11-05 19:04:15',  'QUESTIONNAIRE_MIGRATION_2019', '2019-11-07 13:58:34', 'dbourdua', 2),
(843,   -1, 312,    313,    314,    2,  1,  -1, 0,  0,  1,  0,  0,  '', '2019-11-05 19:04:15',  'QUESTIONNAIRE_MIGRATION_2019', '2019-11-07 13:59:41', 'dbourdua', 2),
(844,   -1, 317,    318,    319,    2,  1,  -1, 0,  0,  1,  0,  0,  '', '2019-11-05 19:04:15',  'QUESTIONNAIRE_MIGRATION_2019', '2019-11-07 14:02:23', 'dbourdua', 2),
(845,   -1, 322,    323,    324,    2,  1,  -1, 0,  0,  1,  0,  0,  '', '2019-11-05 19:04:15',  'QUESTIONNAIRE_MIGRATION_2019', '2019-11-07 14:03:52', 'dbourdua', 2),
(846,   -1, 327,    328,    329,    2,  1,  -1, 0,  0,  1,  0,  0,  '', '2019-11-05 19:04:15',  'QUESTIONNAIRE_MIGRATION_2019', '2019-11-07 14:05:50', 'dbourdua', 2),
(847,   -1, 332,    333,    334,    2,  1,  -1, 0,  0,  1,  0,  0,  '', '2019-11-05 19:04:15',  'QUESTIONNAIRE_MIGRATION_2019', '2019-11-07 14:12:19', 'dbourdua', 2),
(848,   -1, 337,    338,    339,    2,  1,  -1, 0,  0,  1,  0,  0,  '', '2019-11-05 19:04:15',  'QUESTIONNAIRE_MIGRATION_2019', '2019-11-07 14:15:30', 'dbourdua', 2),
(849,   -1, 342,    343,    344,    2,  1,  -1, 0,  0,  1,  0,  0,  '', '2019-11-05 19:04:15',  'QUESTIONNAIRE_MIGRATION_2019', '2019-11-07 14:22:03', 'dbourdua', 2),
(850,   -1, 347,    348,    349,    2,  1,  -1, 0,  0,  1,  0,  0,  '', '2019-11-05 19:04:15',  'QUESTIONNAIRE_MIGRATION_2019', '2019-11-07 14:19:03', 'dbourdua', 2),
(851,   -1, 352,    353,    354,    2,  1,  -1, 0,  0,  1,  0,  0,  '', '2019-11-05 19:04:15',  'QUESTIONNAIRE_MIGRATION_2019', '2019-11-07 14:19:53', 'dbourdua', 2),
(852,   -1, 357,    358,    359,    2,  1,  -1, 0,  0,  1,  0,  0,  '', '2019-11-05 19:04:16',  'QUESTIONNAIRE_MIGRATION_2019', '2019-11-07 14:21:25', 'dbourdua', 2),
(1106,  28, 2445,   2446,   2444,   4,  1,  -1, 0,  0,  1,  0,  0,  '', '2020-05-25 16:59:46',  'MACFARIA', '2020-05-26 01:15:42',  'MACFARIA', 1),
(1107,  28, 2453,   2454,   2452,   4,  1,  -1, 0,  0,  1,  0,  0,  '', '2020-05-25 17:00:42',  'MACFARIA', '2020-05-26 01:15:54',  'MACFARIA', 1),
(1108,  28, 2461,   2462,   2460,   4,  1,  -1, 0,  0,  1,  0,  0,  '', '2020-05-25 17:01:28',  'MACFARIA', '2020-05-26 01:16:07',  'MACFARIA', 1),
(1109,  28, 2469,   2470,   2468,   4,  1,  -1, 0,  0,  1,  0,  0,  '', '2020-05-25 17:02:26',  'MACFARIA', '2020-05-26 01:16:18',  'MACFARIA', 1),
(1110,  28, 2477,   2478,   2476,   4,  1,  -1, 0,  0,  1,  0,  0,  '', '2020-05-25 17:03:59',  'MACFARIA', '2020-05-26 01:16:32',  'MACFARIA', 1),
(1111,  28, 2485,   2486,   2484,   4,  1,  -1, 0,  0,  1,  0,  0,  '', '2020-05-25 17:04:56',  'MACFARIA', '2020-05-26 01:16:52',  'MACFARIA', 1),
(1112,  28, 2493,   2494,   2492,   4,  1,  -1, 0,  0,  1,  0,  0,  '', '2020-05-25 17:06:33',  'MACFARIA', '2020-05-26 01:17:40',  'MACFARIA', 1),
(1113,  28, 2501,   2502,   2500,   4,  1,  -1, 0,  0,  1,  0,  0,  '', '2020-05-25 17:08:01',  'MACFARIA', '2020-05-26 01:17:58',  'MACFARIA', 1),
(1114,  28, 2509,   2510,   2508,   4,  1,  -1, 0,  0,  1,  0,  0,  '', '2020-05-25 17:09:06',  'MACFARIA', '2020-08-11 23:29:17',  'MACFARIA', 1),
(1115,  28, 2517,   2518,   2516,   4,  1,  -1, 0,  0,  1,  0,  0,  '', '2020-05-25 17:09:57',  'MACFARIA', '2020-08-11 23:29:49',  'MACFARIA', 1),
(1116,  28, 2525,   2526,   2524,   4,  1,  -1, 0,  0,  1,  0,  0,  '', '2020-05-25 17:11:12',  'MACFARIA', '2020-05-26 01:18:43',  'MACFARIA', 1),
(1117,  28, 2533,   2534,   2532,   4,  1,  -1, 0,  0,  1,  0,  0,  '', '2020-05-25 17:12:09',  'MACFARIA', '2020-05-26 01:18:57',  'MACFARIA', 1),
(1118,  28, 2541,   2542,   2540,   4,  1,  -1, 0,  0,  1,  0,  0,  '', '2020-05-25 17:12:58',  'MACFARIA', '2020-05-26 01:19:08',  'MACFARIA', 1),
(1119,  28, 2549,   2550,   2548,   4,  1,  -1, 0,  0,  1,  0,  0,  '', '2020-05-25 17:14:08',  'MACFARIA', '2020-05-26 01:19:19',  'MACFARIA', 1),
(1120,  28, 2557,   2558,   2556,   4,  1,  -1, 0,  0,  1,  0,  0,  '', '2020-05-25 17:15:14',  'MACFARIA', '2020-05-26 01:19:36',  'MACFARIA', 1),
(1187,	28,	3322,	3323,	3321,	4,	1,	-1,	0,	0,	1,	0,	0,	'',	'2020-05-29 20:56:24',	'MACFARIA',	'2020-11-02 23:07:13',	'MACFARIA',	1),
(1188,	28,	3336,	3337,	3335,	4,	1,	-1,	0,	0,	1,	0,	0,	'',	'2020-05-29 20:57:28',	'MACFARIA',	'2020-11-02 23:08:20',	'MACFARIA',	1),
(1189,	28,	3350,	3351,	3349,	4,	1,	-1,	0,	0,	1,	0,	0,	'',	'2020-05-29 20:58:05',	'MACFARIA',	'2020-11-02 23:09:22',	'MACFARIA',	1),
(1190,	28,	3364,	3365,	3363,	4,	1,	-1,	0,	0,	1,	0,	0,	'',	'2020-05-29 20:59:05',	'MACFARIA',	'2020-11-02 23:11:57',	'MACFARIA',	1),
(1193,	28,	3406,	3407,	3405,	4,	1,	-1,	0,	0,	1,	0,	0,	'',	'2020-05-29 21:00:45',	'MACFARIA',	'2020-11-02 23:45:25',	'MACFARIA',	1),
(1194,	28,	3420,	3421,	3419,	4,	1,	-1,	0,	0,	1,	0,	0,	'',	'2020-05-29 21:01:42',	'MACFARIA',	'2020-11-02 23:46:54',	'MACFARIA',	1),
(1195,	28,	3434,	3435,	3433,	4,	1,	-1,	0,	0,	1,	0,	0,	'',	'2020-05-29 21:02:20',	'MACFARIA',	'2020-11-02 23:48:19',	'MACFARIA',	1),
(1605,	28,	7305,	7306,	7304,	4,	1,	-1,	0,	0,	1,	0,	0,	'',	'2020-10-26 16:03:43',	'MACFARIA',	'2020-11-02 23:50:26',	'MACFARIA',	1),
(1609,	28,	7411,	7412,	7410,	4,	1,	-1,	0,	0,	1,	0,	0,	'',	'2020-11-02 13:32:38',	'MACFARIA',	'2020-11-02 23:33:00',	'MACFARIA',	1),
(1611,	28,	7439,	7440,	7438,	4,	1,	-1,	0,	0,	1,	0,	0,	'',	'2020-11-02 13:54:47',	'MACFARIA',	'2020-11-02 23:54:58',	'MACFARIA',	1),
(1769,	62,	8801,	8802,	8800,	4,	1,	-1,	0,	0,	1,	0,	0,	'',	'2021-01-22 11:36:12',	'FAMA6017',	'2021-01-25 20:00:44',	'FAMA6017',	1),
(1770,	62,	8809,	8810,	8808,	4,	1,	-1,	0,	0,	1,	0,	0,	'',	'2021-01-22 11:48:29',	'FAMA6017',	'2021-01-25 20:01:22',	'FAMA6017',	1),
(1771,	62,	8817,	8818,	8816,	4,	1,	-1,	0,	0,	1,	0,	0,	'',	'2021-01-22 11:52:32',	'FAMA6017',	'2021-01-23 00:20:28',	'FAMA6017',	1),
(1772,	62,	8825,	8826,	8824,	4,	1,	-1,	0,	0,	1,	0,	0,	'',	'2021-01-22 11:54:52',	'FAMA6017',	'2021-01-23 00:21:38',	'FAMA6017',	1),
(1773,	62,	8833,	8834,	8832,	4,	1,	-1,	0,	0,	1,	0,	0,	'',	'2021-01-22 11:57:10',	'FAMA6017',	'2021-01-23 00:22:22',	'FAMA6017',	1),
(1774,	62,	8841,	8842,	8840,	4,	1,	-1,	0,	0,	1,	0,	0,	'',	'2021-01-22 11:58:58',	'FAMA6017',	'2021-01-23 00:23:18',	'FAMA6017',	1),
(1775,	62,	8849,	8850,	8848,	4,	1,	-1,	0,	0,	1,	0,	0,	'',	'2021-01-22 14:25:31',	'FAMA6017',	'2021-01-23 00:37:09',	'FAMA6017',	1),
(1776,	62,	8857,	8858,	8856,	4,	1,	-1,	0,	0,	1,	0,	0,	'',	'2021-01-22 14:28:50',	'FAMA6017',	'2021-01-23 00:36:23',	'FAMA6017',	1),
(1777,	62,	8865,	8866,	8864,	4,	1,	-1,	0,	0,	1,	0,	0,	'',	'2021-01-22 14:31:20',	'FAMA6017',	'2021-01-23 00:38:05',	'FAMA6017',	1),
(1778,	62,	8873,	8874,	8872,	4,	1,	-1,	0,	0,	1,	0,	0,	'',	'2021-01-22 14:34:52',	'FAMA6017',	'2021-01-23 00:38:47',	'FAMA6017',	1),
(1779,	62,	8881,	8882,	8880,	4,	1,	-1,	0,	0,	1,	0,	0,	'',	'2021-01-22 14:49:57',	'FAMA6017',	'2021-01-23 01:08:09',	'FAMA6017',	1),
(1780,	62,	8889,	8890,	8888,	4,	1,	-1,	0,	0,	1,	0,	0,	'',	'2021-01-22 14:58:14',	'FAMA6017',	'2021-01-23 01:08:40',	'FAMA6017',	1),
(1781,	62,	8897,	8898,	8896,	4,	1,	-1,	0,	0,	1,	0,	0,	'',	'2021-01-22 15:00:33',	'FAMA6017',	'2021-01-23 01:10:20',	'FAMA6017',	1),
(1782,	62,	8905,	8906,	8904,	4,	1,	-1,	0,	0,	1,	0,	0,	'',	'2021-01-22 15:02:02',	'FAMA6017',	'2021-01-23 01:11:10',	'FAMA6017',	1),
(1783,	62,	8913,	8914,	8912,	4,	1,	-1,	0,	0,	1,	0,	0,	'',	'2021-01-22 15:04:39',	'FAMA6017',	'2021-01-25 20:14:32',	'FAMA6017',	1),
(1784,	62,	8921,	8922,	8920,	4,	1,	-1,	0,	0,	1,	0,	0,	'',	'2021-01-22 15:06:57',	'FAMA6017',	'2021-01-23 01:13:04',	'FAMA6017',	1),
(1785,	62,	8930,	8931,	8929,	4,	1,	-1,	0,	0,	1,	0,	0,	'',	'2021-01-22 15:23:53',	'FAMA6017',	'2021-01-23 01:31:16',	'FAMA6017',	1),
(1786,	62,	8937,	8938,	8936,	4,	1,	-1,	0,	0,	1,	0,	0,	'',	'2021-01-22 15:25:13',	'FAMA6017',	'2021-01-23 01:32:01',	'FAMA6017',	1),
(1787,	62,	8944,	8945,	8943,	4,	1,	-1,	0,	0,	1,	0,	0,	'',	'2021-01-22 15:26:44',	'FAMA6017',	'2021-01-23 01:32:46',	'FAMA6017',	1),
(1788,	62,	8951,	8952,	8950,	4,	1,	-1,	0,	0,	1,	0,	0,	'',	'2021-01-22 15:29:30',	'FAMA6017',	'2021-01-23 01:33:44',	'FAMA6017',	1),
(1789,	62,	8958,	8959,	8957,	4,	1,	-1,	0,	0,	1,	0,	0,	'',	'2021-01-22 15:36:33',	'FAMA6017',	'2021-01-23 01:47:59',	'FAMA6017',	1),
(1790,	62,	8964,	8965,	8963,	4,	1,	-1,	0,	0,	1,	0,	0,	'',	'2021-01-22 15:37:57',	'FAMA6017',	'2021-01-23 01:48:18',	'FAMA6017',	1),
(1791,	62,	8970,	8971,	8969,	4,	1,	-1,	0,	0,	1,	0,	0,	'',	'2021-01-22 15:39:56',	'FAMA6017',	'2021-01-23 01:48:37',	'FAMA6017',	1),
(1792,	62,	8976,	8977,	8975,	4,	1,	-1,	0,	0,	1,	0,	0,	'',	'2021-01-22 15:42:04',	'FAMA6017',	'2021-01-23 01:49:04',	'FAMA6017',	1),
(1793,	62,	8982,	8983,	8981,	4,	1,	-1,	0,	0,	1,	0,	0,	'',	'2021-01-22 15:43:15',	'FAMA6017',	'2021-01-23 01:49:31',	'FAMA6017',	1),
(1794,	62,	8988,	8989,	8987,	4,	1,	-1,	0,	0,	1,	0,	0,	'',	'2021-01-22 15:46:00',	'FAMA6017',	'2021-01-23 01:50:14',	'FAMA6017',	1),
(1795,	62,	8994,	8995,	8993,	4,	1,	-1,	0,	0,	1,	0,	0,	'',	'2021-01-22 15:52:11',	'FAMA6017',	'2021-01-23 02:01:27',	'FAMA6017',	1),
(1796,	62,	9000,	9001,	8999,	4,	1,	-1,	0,	0,	1,	0,	0,	'',	'2021-01-22 15:53:58',	'FAMA6017',	'2021-01-23 02:02:13',	'FAMA6017',	1),
(1797,	62,	9006,	9007,	9005,	4,	1,	-1,	0,	0,	1,	0,	0,	'',	'2021-01-22 15:55:25',	'FAMA6017',	'2021-01-23 02:02:40',	'FAMA6017',	1),
(1798,	62,	9012,	9013,	9011,	4,	1,	-1,	0,	0,	1,	0,	0,	'',	'2021-01-22 15:57:48',	'FAMA6017',	'2021-01-23 02:03:35',	'FAMA6017',	1),
(1799,	62,	9018,	9019,	9017,	4,	1,	-1,	0,	0,	1,	0,	0,	'',	'2021-01-22 16:00:09',	'FAMA6017',	'2021-01-23 02:07:21',	'FAMA6017',	1),
(1800,	62,	9025,	9026,	9024,	4,	1,	-1,	0,	0,	1,	0,	0,	'',	'2021-01-22 16:13:09',	'FAMA6017',	'2021-01-23 02:18:50',	'FAMA6017',	1),
(1801,	62,	9033,	9034,	9032,	4,	1,	-1,	0,	0,	1,	0,	0,	'',	'2021-01-22 16:15:22',	'FAMA6017',	'2021-01-23 02:20:10',	'FAMA6017',	1),
(1802,	62,	9041,	9042,	9040,	4,	1,	-1,	0,	0,	1,	0,	0,	'',	'2021-01-22 16:16:53',	'FAMA6017',	'2021-01-23 02:20:34',	'FAMA6017',	1),
(1803,	62,	9049,	9050,	9048,	4,	1,	-1,	0,	0,	1,	0,	0,	'',	'2021-01-22 16:18:02',	'FAMA6017',	'2021-01-23 02:21:04',	'FAMA6017',	1),
(1804,	62,	9057,	9058,	9056,	4,	1,	-1,	0,	0,	1,	0,	0,	'',	'2021-01-22 16:25:30',	'FAMA6017',	'2021-01-23 02:25:50',	'FAMA6017',	1),
(1805,	62,	9064,	9065,	9063,	4,	1,	-1,	0,	0,	1,	0,	0,	'',	'2021-01-22 16:35:08',	'FAMA6017',	'2021-01-23 02:52:50',	'FAMA6017',	1),
(1806,	62,	9072,	9073,	9071,	4,	1,	-1,	0,	0,	1,	0,	0,	'',	'2021-01-22 16:37:21',	'FAMA6017',	'2021-01-23 02:53:15',	'FAMA6017',	1),
(1807,	62,	9080,	9081,	9079,	4,	1,	-1,	0,	0,	1,	0,	0,	'',	'2021-01-22 16:38:30',	'FAMA6017',	'2021-01-23 02:53:50',	'FAMA6017',	1),
(1808,	62,	9088,	9089,	9087,	4,	1,	-1,	0,	0,	1,	0,	0,	'',	'2021-01-22 16:40:45',	'FAMA6017',	'2021-01-23 02:54:20',	'FAMA6017',	1),
(1809,	62,	9096,	9097,	9095,	4,	1,	-1,	0,	0,	1,	0,	0,	'',	'2021-01-22 16:42:25',	'FAMA6017',	'2021-01-23 02:54:52',	'FAMA6017',	1),
(1810,	62,	9104,	9105,	9103,	4,	1,	-1,	0,	0,	1,	0,	0,	'',	'2021-01-22 16:43:53',	'FAMA6017',	'2021-01-23 02:55:36',	'FAMA6017',	1),
(1811,	62,	9112,	9113,	9111,	4,	1,	-1,	0,	0,	1,	0,	0,	'',	'2021-01-22 16:46:16',	'FAMA6017',	'2021-01-23 02:56:24',	'FAMA6017',	1),
(1812,	62,	9120,	9121,	9119,	4,	1,	-1,	0,	0,	1,	0,	0,	'',	'2021-01-22 16:47:55',	'FAMA6017',	'2021-01-23 02:57:06',	'FAMA6017',	1),
(1813,	62,	9128,	9129,	9127,	4,	1,	-1,	0,	0,	1,	0,	0,	'',	'2021-01-22 16:49:25',	'FAMA6017',	'2021-01-23 02:57:42',	'FAMA6017',	1),
(1814,	62,	9136,	9137,	9135,	4,	1,	-1,	0,	0,	1,	0,	0,	'',	'2021-01-22 16:50:36',	'FAMA6017',	'2021-01-23 02:58:12',	'FAMA6017',	1),
(1815,	62,	9144,	9145,	9143,	4,	1,	-1,	0,	0,	1,	0,	0,	'',	'2021-01-22 16:52:02',	'FAMA6017',	'2021-01-23 02:58:27',	'FAMA6017',	1),
(1816,	62,	9152,	9153,	9151,	4,	1,	-1,	0,	0,	1,	0,	0,	'',	'2021-01-24 20:20:22',	'FAMA6017',	'2021-01-26 00:21:15',	'FAMA6017',	1),
(1817,	62,	9159,	9160,	9158,	4,	1,	-1,	0,	0,	1,	0,	0,	'',	'2021-01-24 20:22:33',	'FAMA6017',	'2021-01-26 00:21:47',	'FAMA6017',	1),
(1818,	62,	9166,	9167,	9165,	4,	1,	-1,	0,	0,	1,	0,	0,	'',	'2021-01-24 20:25:21',	'FAMA6017',	'2021-01-26 00:22:49',	'FAMA6017',	1),
(1819,	62,	9173,	9174,	9172,	4,	1,	-1,	0,	0,	1,	0,	0,	'',	'2021-01-24 20:26:36',	'FAMA6017',	'2021-01-26 00:23:39',	'FAMA6017',	1),
(1820,	62,	9180,	9181,	9179,	4,	1,	-1,	0,	0,	1,	0,	0,	'',	'2021-01-24 20:29:08',	'FAMA6017',	'2021-01-26 00:39:39',	'FAMA6017',	1),
(1821,	62,	9187,	9188,	9186,	4,	1,	-1,	0,	0,	1,	0,	0,	'',	'2021-01-24 20:32:21',	'FAMA6017',	'2021-01-26 00:25:48',	'FAMA6017',	1),
(1822,	62,	9194,	9195,	9193,	4,	1,	-1,	0,	0,	1,	0,	0,	'',	'2021-01-24 20:34:03',	'FAMA6017',	'2021-01-26 00:26:39',	'FAMA6017',	1),
(1823,	62,	9201,	9202,	9200,	4,	1,	-1,	0,	0,	1,	0,	0,	'',	'2021-01-24 20:35:29',	'FAMA6017',	'2021-01-26 00:27:53',	'FAMA6017',	1),
(1824,	62,	9208,	9209,	9207,	4,	1,	-1,	0,	0,	1,	0,	0,	'',	'2021-01-24 20:37:09',	'FAMA6017',	'2021-01-26 00:29:05',	'FAMA6017',	1),
(1825,	62,	9215,	9216,	9214,	4,	1,	-1,	0,	0,	1,	0,	0,	'',	'2021-01-24 20:39:22',	'FAMA6017',	'2021-01-26 00:29:57',	'FAMA6017',	1),
(1826,	62,	9222,	9223,	9221,	4,	1,	-1,	0,	0,	1,	0,	0,	'',	'2021-01-24 20:40:50',	'FAMA6017',	'2021-01-26 00:31:25',	'FAMA6017',	1),
(1827,	62,	9229,	9230,	9228,	4,	1,	-1,	0,	0,	1,	0,	0,	'',	'2021-01-24 20:42:39',	'FAMA6017',	'2021-01-26 00:32:16',	'FAMA6017',	1),
(1828,	62,	9236,	9237,	9235,	4,	1,	-1,	0,	0,	1,	0,	0,	'',	'2021-01-24 20:44:02',	'FAMA6017',	'2021-01-26 00:33:15',	'FAMA6017',	1),
(1829,	62,	9243,	9244,	9242,	4,	1,	-1,	0,	0,	1,	0,	0,	'',	'2021-01-24 20:45:01',	'FAMA6017',	'2021-01-26 00:33:59',	'FAMA6017',	1),
(1830,	62,	9250,	9251,	9249,	4,	1,	-1,	0,	0,	1,	0,	0,	'',	'2021-01-24 20:45:57',	'FAMA6017',	'2021-01-26 00:35:11',	'FAMA6017',	1),
(1831,	62,	9257,	9258,	9256,	4,	1,	-1,	0,	0,	1,	0,	0,	'',	'2021-01-24 21:01:03',	'FAMA6017',	'2021-01-26 00:48:22',	'FAMA6017',	1),
(1832,	62,	9264,	9265,	9263,	4,	1,	-1,	0,	0,	1,	0,	0,	'',	'2021-01-24 21:02:23',	'FAMA6017',	'2021-01-26 00:49:13',	'FAMA6017',	1),
(1833,	62,	9271,	9272,	9270,	4,	1,	-1,	0,	0,	1,	0,	0,	'',	'2021-01-24 21:07:45',	'FAMA6017',	'2021-01-26 00:59:23',	'FAMA6017',	1),
(1834,	62,	9279,	9280,	9278,	4,	1,	-1,	0,	0,	1,	0,	0,	'',	'2021-01-24 21:09:21',	'FAMA6017',	'2021-01-26 01:00:04',	'FAMA6017',	1),
(1835,	62,	9287,	9288,	9286,	4,	1,	-1,	0,	0,	1,	0,	0,	'',	'2021-01-24 21:12:20',	'FAMA6017',	'2021-01-26 01:01:09',	'FAMA6017',	1),
(1836,	62,	9295,	9296,	9294,	4,	1,	-1,	0,	0,	1,	0,	0,	'',	'2021-01-24 21:13:46',	'FAMA6017',	'2021-01-26 01:04:02',	'FAMA6017',	1),
(1837,	62,	9303,	9304,	9302,	4,	1,	-1,	0,	0,	1,	0,	0,	'',	'2021-01-24 21:15:00',	'FAMA6017',	'2021-01-26 01:05:00',	'FAMA6017',	1),
(1838,	62,	9311,	9312,	9310,	4,	1,	-1,	0,	0,	1,	0,	0,	'',	'2021-01-24 21:16:48',	'FAMA6017',	'2021-01-26 01:06:14',	'FAMA6017',	1),
(1839,	62,	9319,	9320,	9318,	4,	1,	-1,	0,	0,	1,	0,	0,	'',	'2021-01-24 21:17:54',	'FAMA6017',	'2021-01-26 01:07:12',	'FAMA6017',	1),
(1840,	62,	9327,	9328,	9326,	4,	1,	-1,	0,	0,	1,	0,	0,	'',	'2021-01-24 21:47:51',	'FAMA6017',	'2021-01-26 01:07:50',	'FAMA6017',	1),
(1841,	62,	9334,	9335,	9333,	4,	1,	-1,	0,	0,	1,	0,	0,	'',	'2021-01-24 21:49:11',	'FAMA6017',	'2021-01-26 01:08:58',	'FAMA6017',	1),
(1842,	62,	9341,	9342,	9340,	4,	1,	-1,	0,	0,	1,	0,	0,	'',	'2021-01-24 21:50:11',	'FAMA6017',	'2021-01-26 01:09:49',	'FAMA6017',	1);

INSERT INTO `questionnaire` (`ID`, `OAUserId`, `purposeId`, `respondentId`, `title`, `nickname`, `category`, `description`, `instruction`, `final`, `version`, `parentId`, `private`, `optionalFeedback`, `visualization`, `logo`, `deleted`, `deletedBy`, `creationDate`, `createdBy`, `lastUpdated`, `updatedBy`, `legacyName`) VALUES
(18,	-1,	1,	1,	305,	-1,	-1,	1191,	-1,	1,	1,	-1,	0,	1,	1,	'',	0,	'',	'2019-11-05 19:04:15',	'QUESTIONNAIRE_MIGRATION_2019',	'2019-11-07 19:23:51',	'QUESTIONNAIRE_MIGRATION_2019',	'Breast Radiotherapy Symptoms / Symptômes de la radiothérapie du sein'),
(152,   28, 1,  1,  5992,   5994,   -1, 5993,   5995,   1,  1,  -1, 0,  1,  0,  '', 0,  '', '2020-08-25 13:50:24',  'MACFARIA', '2020-08-25 21:51:17',  'MACFARIA', ''),
(188,	28,	1,	1,	7452,	7454,	-1,	7453,	7455,	1,	1,	-1,	0,	1,	1,	'',	0,	'',	'2020-11-02 14:04:04',	'MACFARIA',	'2020-11-10 02:00:08',	'MACFARIA',	''),
(204,	62,	1,	1,	9353,	9355,	-1,	9354,	9356,	1,	1,	-1,	0,	1,	0,	'',	0,	'',	'2021-01-25 10:00:09',	'FAMA6017',	'2021-01-25 20:32:05',	'FAMA6017',	''),
(205,	62,	1,	1,	9359,	9361,	-1,	9360,	9362,	1,	1,	-1,	0,	1,	0,	'',	0,	'',	'2021-01-25 11:51:05',	'FAMA6017',	'2021-02-01 21:13:59',	'FAMA6017',	'');

INSERT INTO `section` (`ID`, `questionnaireId`, `title`, `instruction`, `order`, `deleted`, `deletedBy`, `creationDate`, `createdBy`, `lastUpdated`, `updatedBy`) VALUES
(18,	18,	    -1,	    306,	1,	0,	'',	'2019-11-05 19:04:15',	'QUESTIONNAIRE_MIGRATION_2019',	'2020-02-06 20:19:22',	'QUESTIONNAIRE_MIGRATION_2019'),
(102,   152,    5996,   5997,   1,  0,  '', '2020-08-25 13:50:24',  'MACFARIA', '2020-08-25 21:50:24',  'MACFARIA'),
(138,	188,	7456,	7457,	1,	0,	'',	'2020-11-02 14:04:04',	'MACFARIA',	'2020-11-03 00:04:04',	'MACFARIA'),
(154,	204,	9357,	9358,	1,	0,	'',	'2021-01-25 10:00:09',	'FAMA6017',	'2021-01-25 20:00:09',	'FAMA6017'),
(155,	205,	9363,	9364,	1,	0,	'',	'2021-01-25 11:51:05',	'FAMA6017',	'2021-01-25 21:51:05',	'FAMA6017');

INSERT INTO `questionSection` (`ID`, `questionId`, `sectionId`, `order`, `orientation`, `optional`) VALUES
(139,	842,	18,	    1,	0,	0),
(140,	843,	18,	    2,	0,	0),
(141,	844,	18,	    3,	0,	0),
(142,	845,	18,	    4,	0,	0),
(143,	846,	18,	    5,	0,	0),
(144,	847,	18,	    6,	0,	0),
(145,	848,	18,	    7,	0,	0),
(146,	849,	18,	    8,	0,	0),
(147,	850,	18,	    9,	0,	0),
(148,	851,	18,	    10,	0,	0),
(149,	852,	18,	    11,	0,	0),
(1397,  1106,   102,    1,  0,  0),
(1398,  1107,   102,    2,  0,  0),
(1399,  1108,   102,    3,  0,  0),
(1400,  1109,   102,    4,  0,  0),
(1401,  1110,   102,    5,  0,  0),
(1402,  1111,   102,    6,  0,  0),
(1403,  1112,   102,    7,  0,  0),
(1404,  1113,   102,    8,  0,  0),
(1405,  1114,   102,    9,  0,  0),
(1406,  1115,   102,    10, 0,  0),
(1407,  1116,   102,    11, 0,  0),
(1408,  1117,   102,    12, 0,  0),
(1409,  1118,   102,    13, 0,  0),
(1410,  1119,   102,    14, 0,  0),
(1411,  1120,   102,    15, 0,  0),
(1935,	1187,	138,	1,	0,	0),
(1936,	1188,	138,	2,	0,	0),
(1937,	1189,	138,	3,	0,	0),
(1938,	1190,	138,	4,	0,	0),
(1939,	1609,	138,	5,	0,	0),
(1940,	1611,	138,	6,	0,	0),
(1941,	1193,	138,	7,	0,	0),
(1942,	1194,	138,	8,	0,	0),
(1943,	1195,	138,	9,	0,	0),
(1944,	1605,	138,	10,	0,	0),
(2146,	1769,	154,	1,	0,	0),
(2147,	1770,	154,	2,	0,	0),
(2148,	1771,	154,	3,	0,	0),
(2149,	1772,	154,	4,	0,	0),
(2150,	1773,	154,	5,	0,	0),
(2151,	1774,	154,	6,	0,	0),
(2152,	1775,	154,	7,	0,	0),
(2153,	1776,	154,	8,	0,	0),
(2154,	1777,	154,	9,	0,	0),
(2155,	1778,	154,	10,	0,	0),
(2156,	1779,	154,	11,	0,	0),
(2157,	1780,	154,	12,	0,	0),
(2158,	1781,	154,	13,	0,	0),
(2159,	1782,	154,	14,	0,	0),
(2161,	1783,	154,	15,	0,	0),
(2162,	1784,	154,	16,	0,	0),
(2163,	1785,	154,	17,	0,	0),
(2164,	1786,	154,	18,	0,	0),
(2165,	1787,	154,	19,	0,	0),
(2166,	1788,	154,	20,	0,	0),
(2167,	1789,	154,	21,	0,	0),
(2168,	1790,	154,	22,	0,	0),
(2169,	1791,	154,	23,	0,	0),
(2170,	1792,	154,	24,	0,	0),
(2171,	1793,	154,	25,	0,	0),
(2172,	1794,	154,	26,	0,	0),
(2173,	1795,	154,	27,	0,	0),
(2174,	1796,	154,	28,	0,	0),
(2175,	1797,	154,	29,	0,	0),
(2176,	1798,	154,	30,	0,	0),
(2177,	1800,	154,	31,	0,	0),
(2178,	1801,	154,	32,	0,	0),
(2179,	1802,	154,	33,	0,	0),
(2180,	1803,	154,	34,	0,	0),
(2181,	1804,	154,	35,	0,	0),
(2182,	1805,	154,	36,	0,	0),
(2183,	1806,	154,	37,	0,	0),
(2184,	1807,	154,	38,	0,	0),
(2185,	1808,	154,	39,	0,	0),
(2186,	1809,	154,	40,	0,	0),
(2187,	1810,	154,	41,	0,	0),
(2188,	1811,	154,	42,	0,	0),
(2189,	1812,	154,	43,	0,	0),
(2190,	1813,	154,	44,	0,	0),
(2191,	1814,	154,	45,	0,	0),
(2192,	1815,	154,	46,	0,	0),
(2224,	1769,	155,	1,	0,	0),
(2225,	1770,	155,	2,	0,	0),
(2226,	1771,	155,	3,	0,	0),
(2227,	1772,	155,	4,	0,	0),
(2228,	1773,	155,	5,	0,	0),
(2229,	1774,	155,	6,	0,	0),
(2230,	1775,	155,	7,	0,	0),
(2231,	1776,	155,	8,	0,	0),
(2232,	1777,	155,	9,	0,	0),
(2233,	1778,	155,	10,	0,	0),
(2234,	1779,	155,	11,	0,	0),
(2235,	1780,	155,	12,	0,	0),
(2236,	1781,	155,	13,	0,	0),
(2237,	1782,	155,	14,	0,	0),
(2238,	1783,	155,	15,	0,	0),
(2239,	1784,	155,	16,	0,	0),
(2255,	1816,	155,	17,	0,	0),
(2256,	1817,	155,	18,	0,	0),
(2257,	1818,	155,	19,	0,	0),
(2258,	1819,	155,	20,	0,	0),
(2262,	1820,	155,	21,	0,	0),
(2263,	1821,	155,	22,	0,	0),
(2264,	1822,	155,	23,	0,	0),
(2265,	1823,	155,	24,	0,	0),
(2266,	1824,	155,	25,	0,	0),
(2267,	1825,	155,	26,	0,	0),
(2268,	1826,	155,	27,	0,	0),
(2269,	1827,	155,	28,	0,	0),
(2270,	1828,	155,	29,	0,	0),
(2271,	1829,	155,	30,	0,	0),
(2272,	1830,	155,	31,	0,	0),
(2277,	1831,	155,	32,	0,	1),
(2278,	1832,	155,	33,	0,	1),
(2279,	1789,	155,	34,	0,	0),
(2280,	1790,	155,	35,	0,	0),
(2281,	1791,	155,	36,	0,	0),
(2282,	1792,	155,	37,	0,	0),
(2283,	1793,	155,	38,	0,	0),
(2284,	1794,	155,	39,	0,	0),
(2285,	1795,	155,	40,	0,	0),
(2286,	1796,	155,	41,	0,	0),
(2287,	1797,	155,	42,	0,	0),
(2288,	1798,	155,	43,	0,	0),
(2289,	1799,	155,	44,	0,	0),
(2292,	1833,	155,	45,	0,	1),
(2293,	1834,	155,	46,	0,	1),
(2294,	1835,	155,	47,	0,	1),
(2295,	1836,	155,	48,	0,	1),
(2296,	1837,	155,	49,	0,	1),
(2297,	1838,	155,	50,	0,	1),
(2298,	1839,	155,	51,	0,	1),
(2299,	1840,	155,	52,	0,	1),
(2300,	1841,	155,	53,	0,	1),
(2301,	1842,	155,	54,	0,	1);

INSERT INTO `library` (`ID`, `OAUserId`, `name`, `order`, `private`, `deleted`, `deletedBy`, `creationDate`, `createdBy`, `lastUpdated`, `updatedBy`) VALUES
(3,	    21,	1214,	1,	0,	0,	'',	'2019-11-07 13:58:27',	'dbourdua',	'2020-02-06 22:48:17',	'dbourdua'),
(12,    28, 2443,   1,  0,  0,  '', '2020-05-25 16:59:41',  'MACFARIA', '2020-05-26 00:59:41',  'MACFARIA'),
(21,	28,	3320,	1,	0,	0,	'',	'2020-05-29 20:49:53',	'MACFARIA',	'2020-05-30 04:49:53',	'MACFARIA'),
(71,	62,	8799,	1,	0,	0,	'',	'2021-01-22 11:36:02',	'FAMA6017',	'2021-01-22 21:36:02',	'FAMA6017'),
(72,	62,	8928,	1,	0,	0,	'',	'2021-01-22 15:23:48',	'FAMA6017',	'2021-01-23 01:23:48',	'FAMA6017'),
(73,	62,	9023,	1,	0,	0,	'',	'2021-01-22 16:07:03',	'FAMA6017',	'2021-01-23 02:07:03',	'FAMA6017');

INSERT INTO `libraryQuestion` (`ID`, `questionId`, `libraryId`) VALUES
(10,	842,	3),
(11,	843,	3),
(12,	844,	3),
(13,	845,	3),
(14,	846,	3),
(15,	847,	3),
(16,	848,	3),
(17,	849,	3),
(18,	850,	3),
(19,	851,	3),
(20,	852,	3),
(145,   1106,   12),
(146,   1107,   12),
(147,   1108,   12),
(148,   1109,   12),
(149,   1110,   12),
(150,   1111,   12),
(151,   1112,   12),
(152,   1113,   12),
(153,   1114,   12),
(154,   1115,   12),
(155,   1116,   12),
(156,   1117,   12),
(157,   1118,   12),
(158,   1119,   12),
(159,   1120,   12),
(223,	1187,	21),
(224,	1189,	21),
(225,	1188,	21),
(226,	1190,	21),
(229,	1193,	21),
(230,	1194,	21),
(231,	1195,	21),
(743,	1605,	21),
(748,	1609,	21),
(750,	1611,	21),
(907,	1769,	71),
(908,	1770,	71),
(909,	1771,	71),
(910,	1772,	71),
(911,	1773,	71),
(912,	1774,	71),
(913,	1775,	71),
(914,	1776,	71),
(915,	1777,	71),
(916,	1778,	71),
(917,	1779,	71),
(918,	1780,	71),
(919,	1781,	71),
(920,	1782,	71),
(921,	1783,	71),
(922,	1784,	71),
(923,	1785,	72),
(924,	1786,	72),
(925,	1787,	72),
(926,	1788,	72),
(927,	1789,	71),
(928,	1790,	71),
(929,	1791,	71),
(930,	1792,	71),
(931,	1793,	71),
(932,	1794,	71),
(933,	1795,	71),
(934,	1796,	71),
(935,	1797,	71),
(936,	1798,	71),
(938,	1799,	73),
(939,	1800,	72),
(940,	1801,	72),
(941,	1802,	72),
(942,	1803,	72),
(943,	1804,	72),
(944,	1805,	71),
(945,	1806,	71),
(946,	1807,	71),
(947,	1808,	71),
(948,	1809,	71),
(949,	1810,	71),
(950,	1811,	71),
(951,	1812,	71),
(952,	1813,	71),
(953,	1814,	71),
(954,	1815,	71),
(955,	1816,	73),
(956,	1817,	73),
(957,	1818,	73),
(958,	1820,	73),
(959,	1819,	73),
(960,	1821,	73),
(961,	1822,	73),
(962,	1823,	73),
(963,	1824,	73),
(964,	1825,	73),
(965,	1826,	73),
(966,	1827,	73),
(967,	1828,	73),
(968,	1829,	73),
(969,	1830,	73),
(970,	1831,	73),
(971,	1832,	73),
(972,	1833,	73),
(973,	1834,	73),
(974,	1835,	73),
(975,	1836,	73),
(976,	1837,	73),
(977,	1838,	73),
(978,	1839,	73),
(979,	1840,	73),
(980,	1841,	73),
(981,	1842,	73);

INSERT INTO `radioButton` (`ID`, `questionId`) VALUES
(212, 1106),
(213, 1107),
(214, 1108),
(215, 1109),
(216, 1110),
(217, 1111),
(218, 1112),
(219, 1113),
(220, 1114),
(221, 1115),
(222, 1116),
(223, 1117),
(224, 1118),
(225, 1119),
(226, 1120),
(281, 1187),
(282, 1188),
(283, 1189),
(284, 1190),
(549, 1609),
(551, 1611),
(287, 1193),
(288, 1194),
(289, 1195),
(546, 1605),
(681, 1769),
(682, 1770),
(683, 1771),
(684, 1772),
(685, 1773),
(686, 1774),
(687, 1775),
(688, 1776),
(689, 1777),
(690, 1778),
(691, 1779),
(692, 1780),
(693, 1781),
(694, 1782),
(695, 1783),
(696, 1784),
(697, 1785),
(698, 1786),
(699, 1787),
(700, 1788),
(701, 1789),
(702, 1790),
(703, 1791),
(704, 1792),
(705, 1793),
(706, 1794),
(707, 1795),
(708, 1796),
(709, 1797),
(710, 1798),
(712, 1800),
(713, 1801),
(714, 1802),
(715, 1803),
(716, 1804),
(717, 1805),
(718, 1806),
(719, 1807),
(720, 1808),
(721, 1809),
(722, 1810),
(723, 1811),
(724, 1812),
(725, 1813),
(726, 1814),
(727, 1815),
(728, 1816),
(729, 1817),
(730, 1818),
(731, 1819),
(732, 1820),
(733, 1821),
(734, 1822),
(735, 1823),
(736, 1824),
(737, 1825),
(738, 1826),
(739, 1827),
(740, 1828),
(741, 1829),
(742, 1830),
(743, 1831),
(744, 1832),
(711, 1799),
(745, 1833),
(746, 1834),
(747, 1835),
(748, 1836),
(749, 1837),
(750, 1838),
(751, 1839),
(752, 1840),
(753, 1841),
(754, 1842);

INSERT INTO `radioButtonOption` (`ID`, `parentTableId`, `description`, `order`) VALUES
(1045, 212, 2447, 1),
(1046, 212, 2448, 2),
(1047, 212, 2449, 3),
(1048, 212, 2450, 4),
(1049, 212, 2451, 5),
(1050, 213, 2455, 1),
(1051, 213, 2456, 2),
(1052, 213, 2457, 3),
(1053, 213, 2458, 4),
(1054, 213, 2459, 5),
(1055, 214, 2463, 1),
(1056, 214, 2464, 2),
(1057, 214, 2465, 3),
(1058, 214, 2466, 4),
(1059, 214, 2467, 5),
(1060, 215, 2471, 1),
(1061, 215, 2472, 2),
(1062, 215, 2473, 3),
(1063, 215, 2474, 4),
(1064, 215, 2475, 5),
(1065, 216, 2479, 1),
(1066, 216, 2480, 2),
(1067, 216, 2481, 3),
(1068, 216, 2482, 4),
(1069, 216, 2483, 5),
(1070, 217, 2487, 1),
(1071, 217, 2488, 2),
(1072, 217, 2489, 3),
(1073, 217, 2490, 4),
(1074, 217, 2491, 5),
(1075, 218, 2495, 1),
(1076, 218, 2496, 2),
(1077, 218, 2497, 3),
(1078, 218, 2498, 4),
(1079, 218, 2499, 5),
(1080, 219, 2503, 1),
(1081, 219, 2504, 2),
(1082, 219, 2505, 3),
(1083, 219, 2506, 4),
(1084, 219, 2507, 5),
(1085, 220, 2511, 1),
(1086, 220, 2512, 2),
(1087, 220, 2513, 3),
(1088, 220, 2514, 4),
(1089, 220, 2515, 5),
(1090, 221, 2519, 1),
(1091, 221, 2520, 2),
(1092, 221, 2521, 3),
(1093, 221, 2522, 4),
(1094, 221, 2523, 5),
(1095, 222, 2527, 1),
(1096, 222, 2528, 2),
(1097, 222, 2529, 3),
(1098, 222, 2530, 4),
(1099, 222, 2531, 5),
(1100, 223, 2535, 1),
(1101, 223, 2536, 2),
(1102, 223, 2537, 3),
(1103, 223, 2538, 4),
(1104, 223, 2539, 5),
(1105, 224, 2543, 1),
(1106, 224, 2544, 2),
(1107, 224, 2545, 3),
(1108, 224, 2546, 4),
(1109, 224, 2547, 5),
(1110, 225, 2551, 1),
(1111, 225, 2552, 2),
(1112, 225, 2553, 3),
(1113, 225, 2554, 4),
(1114, 225, 2555, 5),
(1115, 226, 2559, 1),
(1116, 226, 2560, 2),
(1117, 226, 2561, 3),
(1118, 226, 2562, 4),
(1119, 226, 2563, 5),
(1347, 281, 3324, 1),
(1348, 281, 3325, 2),
(1349, 281, 3326, 3),
(1350, 281, 3327, 4),
(1351, 281, 3328, 5),
(1352, 281, 3329, 6),
(1353, 281, 3330, 7),
(1354, 281, 3331, 8),
(1355, 281, 3332, 9),
(1356, 281, 3333, 10),
(1357, 281, 3334, 11),
(1358, 282, 3338, 1),
(1359, 282, 3339, 2),
(1360, 282, 3340, 3),
(1361, 282, 3341, 4),
(1362, 282, 3342, 5),
(1363, 282, 3343, 6),
(1364, 282, 3344, 7),
(1365, 282, 3345, 8),
(1366, 282, 3346, 9),
(1367, 282, 3347, 10),
(1368, 282, 3348, 11),
(1369, 283, 3352, 1),
(1370, 283, 3353, 2),
(1371, 283, 3354, 3),
(1372, 283, 3355, 4),
(1373, 283, 3356, 5),
(1374, 283, 3357, 6),
(1375, 283, 3358, 7),
(1376, 283, 3359, 8),
(1377, 283, 3360, 9),
(1378, 283, 3361, 10),
(1379, 283, 3362, 11),
(1380, 284, 3366, 1),
(1381, 284, 3367, 2),
(1382, 284, 3368, 3),
(1383, 284, 3369, 4),
(1384, 284, 3370, 5),
(1385, 284, 3371, 6),
(1386, 284, 3372, 7),
(1387, 284, 3373, 8),
(1388, 284, 3374, 9),
(1389, 284, 3375, 10),
(1390, 284, 3376, 11),
(2644, 549, 7413, 1),
(2645, 549, 7414, 2),
(2646, 549, 7415, 3),
(2647, 549, 7416, 4),
(2648, 549, 7417, 5),
(2649, 549, 7418, 6),
(2650, 549, 7419, 7),
(2651, 549, 7420, 8),
(2652, 549, 7421, 9),
(2653, 549, 7422, 10),
(2654, 549, 7423, 11),
(2666, 551, 7441, 1),
(2667, 551, 7442, 2),
(2668, 551, 7443, 3),
(2669, 551, 7444, 4),
(2670, 551, 7445, 5),
(2671, 551, 7446, 6),
(2672, 551, 7447, 7),
(2673, 551, 7448, 8),
(2674, 551, 7449, 9),
(2675, 551, 7450, 10),
(2676, 551, 7451, 11),
(1413, 287, 3408, 1),
(1414, 287, 3409, 2),
(1415, 287, 3410, 3),
(1416, 287, 3411, 4),
(1417, 287, 3412, 5),
(1418, 287, 3413, 6),
(1419, 287, 3414, 7),
(1420, 287, 3415, 8),
(1421, 287, 3416, 9),
(1422, 287, 3417, 10),
(1423, 287, 3418, 11),
(1424, 288, 3422, 1),
(1425, 288, 3423, 2),
(1426, 288, 3424, 3),
(1427, 288, 3425, 4),
(1428, 288, 3426, 5),
(1429, 288, 3427, 6),
(1430, 288, 3428, 7),
(1431, 288, 3429, 8),
(1432, 288, 3430, 9),
(1433, 288, 3431, 10),
(1434, 288, 3432, 11),
(1435, 289, 3436, 1),
(1436, 289, 3437, 2),
(1437, 289, 3438, 3),
(1438, 289, 3439, 4),
(1439, 289, 3440, 5),
(1440, 289, 3441, 6),
(1441, 289, 3442, 7),
(1442, 289, 3443, 8),
(1443, 289, 3444, 9),
(1444, 289, 3445, 10),
(1445, 289, 3446, 11),
(2611, 546, 7307, 1),
(2612, 546, 7308, 2),
(2613, 546, 7309, 3),
(2614, 546, 7310, 4),
(2615, 546, 7311, 5),
(2616, 546, 7312, 6),
(2617, 546, 7313, 7),
(2618, 546, 7314, 8),
(2619, 546, 7315, 9),
(2620, 546, 7316, 10),
(2621, 546, 7317, 11),
(3289, 681, 8803, 1),
(3290, 681, 8804, 2),
(3291, 681, 8805, 3),
(3292, 681, 8806, 4),
(3293, 681, 8807, 5),
(3294, 682, 8811, 1),
(3295, 682, 8812, 2),
(3296, 682, 8813, 3),
(3297, 682, 8814, 4),
(3298, 682, 8815, 5),
(3299, 683, 8819, 1),
(3300, 683, 8820, 2),
(3301, 683, 8821, 3),
(3302, 683, 8822, 4),
(3303, 683, 8823, 5),
(3304, 684, 8827, 1),
(3305, 684, 8828, 2),
(3306, 684, 8829, 3),
(3307, 684, 8830, 4),
(3308, 684, 8831, 5),
(3309, 685, 8835, 1),
(3310, 685, 8836, 2),
(3311, 685, 8837, 3),
(3312, 685, 8838, 4),
(3313, 685, 8839, 5),
(3314, 686, 8843, 1),
(3315, 686, 8844, 2),
(3316, 686, 8845, 3),
(3317, 686, 8846, 4),
(3318, 686, 8847, 5),
(3319, 687, 8851, 1),
(3320, 687, 8852, 2),
(3321, 687, 8853, 3),
(3322, 687, 8854, 4),
(3323, 687, 8855, 5),
(3324, 688, 8859, 1),
(3325, 688, 8860, 2),
(3326, 688, 8861, 3),
(3327, 688, 8862, 4),
(3328, 688, 8863, 5),
(3329, 689, 8867, 1),
(3330, 689, 8868, 2),
(3331, 689, 8869, 3),
(3332, 689, 8870, 4),
(3333, 689, 8871, 5),
(3334, 690, 8875, 1),
(3335, 690, 8876, 2),
(3336, 690, 8877, 3),
(3337, 690, 8878, 4),
(3338, 690, 8879, 5),
(3339, 691, 8883, 1),
(3340, 691, 8884, 2),
(3341, 691, 8885, 3),
(3342, 691, 8886, 4),
(3343, 691, 8887, 5),
(3344, 692, 8891, 1),
(3345, 692, 8892, 2),
(3346, 692, 8893, 3),
(3347, 692, 8894, 4),
(3348, 692, 8895, 5),
(3349, 693, 8899, 1),
(3350, 693, 8900, 2),
(3351, 693, 8901, 3),
(3352, 693, 8902, 4),
(3353, 693, 8903, 5),
(3354, 694, 8907, 1),
(3355, 694, 8908, 2),
(3356, 694, 8909, 3),
(3357, 694, 8910, 4),
(3358, 694, 8911, 5),
(3359, 695, 8915, 1),
(3360, 695, 8916, 2),
(3361, 695, 8917, 3),
(3362, 695, 8918, 4),
(3363, 695, 8919, 5),
(3364, 696, 8923, 1),
(3365, 696, 8924, 2),
(3366, 696, 8925, 3),
(3367, 696, 8926, 4),
(3368, 696, 8927, 5),
(3369, 697, 8932, 1),
(3370, 697, 8933, 2),
(3371, 697, 8934, 3),
(3372, 697, 8935, 4),
(3373, 698, 8939, 1),
(3374, 698, 8940, 2),
(3375, 698, 8941, 3),
(3376, 698, 8942, 4),
(3377, 699, 8946, 1),
(3378, 699, 8947, 2),
(3379, 699, 8948, 3),
(3380, 699, 8949, 4),
(3381, 700, 8953, 1),
(3382, 700, 8954, 2),
(3383, 700, 8955, 3),
(3384, 700, 8956, 4),
(3385, 701, 8960, 1),
(3386, 701, 8961, 2),
(3387, 701, 8962, 3),
(3388, 702, 8966, 1),
(3389, 702, 8967, 2),
(3390, 702, 8968, 3),
(3391, 703, 8972, 1),
(3392, 703, 8973, 2),
(3393, 703, 8974, 3),
(3394, 704, 8978, 1),
(3395, 704, 8979, 2),
(3396, 704, 8980, 3),
(3397, 705, 8984, 1),
(3398, 705, 8985, 2),
(3399, 705, 8986, 3),
(3400, 706, 8990, 1),
(3401, 706, 8991, 2),
(3402, 706, 8992, 3),
(3403, 707, 8996, 1),
(3404, 707, 8997, 2),
(3405, 707, 8998, 3),
(3406, 708, 9002, 1),
(3407, 708, 9003, 2),
(3408, 708, 9004, 3),
(3409, 709, 9008, 1),
(3410, 709, 9009, 2),
(3411, 709, 9010, 3),
(3412, 710, 9014, 1),
(3413, 710, 9015, 2),
(3414, 710, 9016, 3),
(3418, 712, 9027, 1),
(3419, 712, 9028, 2),
(3420, 712, 9029, 3),
(3421, 712, 9030, 4),
(3422, 712, 9031, 5),
(3423, 713, 9035, 1),
(3424, 713, 9036, 2),
(3425, 713, 9037, 3),
(3426, 713, 9038, 4),
(3427, 713, 9039, 5),
(3428, 714, 9043, 1),
(3429, 714, 9044, 2),
(3430, 714, 9045, 3),
(3431, 714, 9046, 4),
(3432, 714, 9047, 5),
(3433, 715, 9051, 1),
(3434, 715, 9052, 2),
(3435, 715, 9053, 3),
(3436, 715, 9054, 4),
(3437, 715, 9055, 5),
(3438, 716, 9059, 1),
(3439, 716, 9060, 2),
(3440, 716, 9061, 3),
(3441, 716, 9062, 4),
(3442, 717, 9066, 1),
(3443, 717, 9067, 2),
(3444, 717, 9068, 3),
(3445, 717, 9069, 4),
(3446, 717, 9070, 5),
(3447, 718, 9074, 1),
(3448, 718, 9075, 2),
(3449, 718, 9076, 3),
(3450, 718, 9077, 4),
(3451, 718, 9078, 5),
(3452, 719, 9082, 1),
(3453, 719, 9083, 2),
(3454, 719, 9084, 3),
(3455, 719, 9085, 4),
(3456, 719, 9086, 5),
(3457, 720, 9090, 1),
(3458, 720, 9091, 2),
(3459, 720, 9092, 3),
(3460, 720, 9093, 4),
(3461, 720, 9094, 5),
(3462, 721, 9098, 1),
(3463, 721, 9099, 2),
(3464, 721, 9100, 3),
(3465, 721, 9101, 4),
(3466, 721, 9102, 5),
(3467, 722, 9106, 1),
(3468, 722, 9107, 2),
(3469, 722, 9108, 3),
(3470, 722, 9109, 4),
(3471, 722, 9110, 5),
(3472, 723, 9114, 1),
(3473, 723, 9115, 2),
(3474, 723, 9116, 3),
(3475, 723, 9117, 4),
(3476, 723, 9118, 5),
(3477, 724, 9122, 1),
(3478, 724, 9123, 2),
(3479, 724, 9124, 3),
(3480, 724, 9125, 4),
(3481, 724, 9126, 5),
(3482, 725, 9130, 1),
(3483, 725, 9131, 2),
(3484, 725, 9132, 3),
(3485, 725, 9133, 4),
(3486, 725, 9134, 5),
(3487, 726, 9138, 1),
(3488, 726, 9139, 2),
(3489, 726, 9140, 3),
(3490, 726, 9141, 4),
(3491, 726, 9142, 5),
(3492, 727, 9146, 1),
(3493, 727, 9147, 2),
(3494, 727, 9148, 3),
(3495, 727, 9149, 4),
(3496, 727, 9150, 5),
(3497, 728, 9154, 1),
(3498, 728, 9155, 2),
(3499, 728, 9156, 3),
(3500, 728, 9157, 4),
(3501, 729, 9161, 1),
(3502, 729, 9162, 2),
(3503, 729, 9163, 3),
(3504, 729, 9164, 4),
(3505, 730, 9168, 1),
(3506, 730, 9169, 2),
(3507, 730, 9170, 3),
(3508, 730, 9171, 4),
(3509, 731, 9175, 1),
(3510, 731, 9176, 2),
(3511, 731, 9177, 3),
(3512, 731, 9178, 4),
(3513, 732, 9182, 1),
(3514, 732, 9183, 2),
(3515, 732, 9184, 3),
(3516, 732, 9185, 4),
(3517, 733, 9189, 1),
(3518, 733, 9190, 2),
(3519, 733, 9191, 3),
(3520, 733, 9192, 4),
(3521, 734, 9196, 1),
(3522, 734, 9197, 2),
(3523, 734, 9198, 3),
(3524, 734, 9199, 4),
(3525, 735, 9203, 1),
(3526, 735, 9204, 2),
(3527, 735, 9205, 3),
(3528, 735, 9206, 4),
(3529, 736, 9210, 1),
(3530, 736, 9211, 2),
(3531, 736, 9212, 3),
(3532, 736, 9213, 4),
(3533, 737, 9217, 1),
(3534, 737, 9218, 2),
(3535, 737, 9219, 3),
(3536, 737, 9220, 4),
(3537, 738, 9224, 1),
(3538, 738, 9225, 2),
(3539, 738, 9226, 3),
(3540, 738, 9227, 4),
(3541, 739, 9231, 1),
(3542, 739, 9232, 2),
(3543, 739, 9233, 3),
(3544, 739, 9234, 4),
(3545, 740, 9238, 1),
(3546, 740, 9239, 2),
(3547, 740, 9240, 3),
(3548, 740, 9241, 4),
(3549, 741, 9245, 1),
(3550, 741, 9246, 2),
(3551, 741, 9247, 3),
(3552, 741, 9248, 4),
(3553, 742, 9252, 1),
(3554, 742, 9253, 2),
(3555, 742, 9254, 3),
(3556, 742, 9255, 4),
(3557, 743, 9259, 1),
(3558, 743, 9260, 2),
(3559, 743, 9261, 3),
(3560, 743, 9262, 4),
(3561, 744, 9266, 1),
(3562, 744, 9267, 2),
(3563, 744, 9268, 3),
(3564, 744, 9269, 4),
(3415, 711, 9020, 1),
(3416, 711, 9021, 2),
(3417, 711, 9022, 3),
(3565, 745, 9273, 1),
(3566, 745, 9274, 2),
(3567, 745, 9275, 3),
(3568, 745, 9276, 4),
(3569, 745, 9277, 5),
(3570, 746, 9281, 1),
(3571, 746, 9282, 2),
(3572, 746, 9283, 3),
(3573, 746, 9284, 4),
(3574, 746, 9285, 5),
(3575, 747, 9289, 1),
(3576, 747, 9290, 2),
(3577, 747, 9291, 3),
(3578, 747, 9292, 4),
(3579, 747, 9293, 5),
(3580, 748, 9297, 1),
(3581, 748, 9298, 2),
(3582, 748, 9299, 3),
(3583, 748, 9300, 4),
(3584, 748, 9301, 5),
(3585, 749, 9305, 1),
(3586, 749, 9306, 2),
(3587, 749, 9307, 3),
(3588, 749, 9308, 4),
(3589, 749, 9309, 5),
(3590, 750, 9313, 1),
(3591, 750, 9314, 2),
(3592, 750, 9315, 3),
(3593, 750, 9316, 4),
(3594, 750, 9317, 5),
(3595, 751, 9321, 1),
(3596, 751, 9322, 2),
(3597, 751, 9323, 3),
(3598, 751, 9324, 4),
(3599, 751, 9325, 5),
(3600, 752, 9329, 1),
(3601, 752, 9330, 2),
(3602, 752, 9331, 3),
(3603, 752, 9332, 4),
(3604, 753, 9336, 1),
(3605, 753, 9337, 2),
(3606, 753, 9338, 3),
(3607, 753, 9339, 4),
(3608, 754, 9343, 1),
(3609, 754, 9344, 2),
(3610, 754, 9345, 3),
(3611, 754, 9346, 4);

INSERT INTO `slider` (`ID`, `questionId`, `minValue`, `maxValue`, `minCaption`, `maxCaption`, `increment`) VALUES
(12,	842,	1,	4,	310,	311,	1),
(13,	843,	1,	4,	315,	316,	1),
(14,	844,	1,	4,	320,	321,	1),
(15,	845,	1,	4,	325,	326,	1),
(16,	846,	1,	4,	330,	331,	1),
(17,	847,	1,	4,	335,	336,	1),
(18,	848,	1,	4,	340,	341,	1),
(19,	849,	1,	4,	345,	346,	1),
(20,	850,	1,	7,	350,	351,	1),
(21,	851,	1,	7,	355,	356,	1),
(22,	852,	1,	4,	360,	361,	1);
-- 2025-07-17 15:00:00
